target,tic_id,sectors
TIC 2733208,2733208,96
TIC 2733520,2733520,96
TIC 2758565,2758565,96
TIC 2760102,2760102,96
TIC 2760219,2760219,96
TIC 2760232,2760232,96
TIC 2760710,2760710,96
TIC 2761023,2761023,96
TIC 2761472,2761472,96
TIC 2761897,2761897,96
TIC 2762652,2762652,96
TIC 2835867,2835867,96
TIC 2836713,2836713,96
TIC 5611236,5611236,96
TIC 5632856,5632856,96
TIC 5633132,5633132,96
TIC 5633483,5633483,96
TIC 5634788,5634788,96
TIC 5639530,5639530,96
TIC 5640278,5640278,96
TIC 5641821,5641821,96
TIC 5642268,5642268,96
TIC 5656273,5656273,96
TIC 5716512,5716512,96
TIC 5716636,5716636,96
TIC 5717323,5717323,96
TIC 5719106,5719106,96
TIC 5719355,5719355,96
TIC 5726142,5726142,96
TIC 5726510,5726510,96
TIC 5738528,5738528,96
TIC 5739618,5739618,96
TIC 5775131,5775131,96
TIC 5777935,5777935,96
TIC 5778313,5778313,96
TIC 5796235,5796235,96
TIC 5796523,5796523,96
TIC 5796540,5796540,96
TIC 5796745,5796745,96
TIC 7144533,7144533,96
TIC 7146534,7146534,96
TIC 7150142,7150142,96
TIC 8964729,8964729,96
TIC 8995067,8995067,96
TIC 8995204,8995204,96
TIC 8997339,8997339,96
TIC 8998231,8998231,96
TIC 8999170,8999170,96
TIC 9003759,9003759,96
TIC 9006100,9006100,96
TIC 9006668,9006668,96
TIC 9006726,9006726,96
TIC 9007748,9007748,96
TIC 9032367,9032367,96
TIC 9032812,9032812,96
TIC 9033144,9033144,96
TIC 9033392,9033392,96
TIC 9034573,9034573,96
TIC 9035878,9035878,96
TIC 9053676,9053676,96
TIC 9055005,9055005,96
TIC 9055831,9055831,96
TIC 9056576,9056576,96
TIC 9057984,9057984,96
TIC 9058053,9058053,96
TIC 9072580,9072580,96
TIC 9100874,9100874,96
TIC 9102069,9102069,96
TIC 9102466,9102466,96
TIC 9102749,9102749,96
TIC 9102978,9102978,96
TIC 9107839,9107839,96
TIC 9108483,9108483,96
TIC 9109983,9109983,96
TIC 9143444,9143444,96
TIC 9143481,9143481,96
TIC 9143974,9143974,96
TIC 9144320,9144320,96
TIC 9144365,9144365,96
TIC 9144674,9144674,96
TIC 9144862,9144862,96
TIC 9145247,9145247,96
TIC 9156146,9156146,96
TIC 9156160,9156160,96
TIC 9156563,9156563,96
TIC 9157251,9157251,96
TIC 9157339,9157339,96
TIC 9158705,9158705,96
TIC 9165090,9165090,96
TIC 9165884,9165884,96
TIC 9166136,9166136,96
TIC 9166565,9166565,96
TIC 9178478,9178478,96
TIC 9179390,9179390,96
TIC 9210746,9210746,96
TIC 9216075,9216075,96
TIC 12358786,12358786,96
TIC 12358822,12358822,96
TIC 12358929,12358929,96
TIC 12358947,12358947,96
TIC 12358973,12358973,96
TIC 12358982,12358982,96
TIC 12358994,12358994,96
TIC 12358997,12358997,96
TIC 12359021,12359021,96
TIC 12359032,12359032,96
TIC 12359058,12359058,96
TIC 12359060,12359060,96
TIC 12359066,12359066,96
TIC 12359071,12359071,96
TIC 12359081,12359081,96
TIC 12359092,12359092,96
TIC 12359093,12359093,96
TIC 12359094,12359094,96
TIC 12359095,12359095,96
TIC 12359106,12359106,96
TIC 12359121,12359121,96
TIC 12359137,12359137,96
TIC 12359139,12359139,96
TIC 12359143,12359143,96
TIC 12359144,12359144,96
TIC 12359159,12359159,96
TIC 12359187,12359187,96
TIC 12359206,12359206,96
TIC 12359212,12359212,96
TIC 12359266,12359266,96
TIC 12359292,12359292,96
TIC 12377591,12377591,96
TIC 12377662,12377662,96
TIC 12377695,12377695,96
TIC 12377732,12377732,96
TIC 12377749,12377749,96
TIC 12377750,12377750,96
TIC 12377770,12377770,96
TIC 12377777,12377777,96
TIC 12377787,12377787,96
TIC 12377823,12377823,96
TIC 12377837,12377837,96
TIC 12377862,12377862,96
TIC 12377867,12377867,96
TIC 12377870,12377870,96
TIC 12377872,12377872,96
TIC 12377881,12377881,96
TIC 12377882,12377882,96
TIC 12377884,12377884,96
TIC 12377891,12377891,96
TIC 12377893,12377893,96
TIC 12377897,12377897,96
TIC 12377900,12377900,96
TIC 12377912,12377912,96
TIC 12377913,12377913,96
TIC 12377923,12377923,96
TIC 12377924,12377924,96
TIC 12377940,12377940,96
TIC 12377942,12377942,96
TIC 12377948,12377948,96
TIC 12377965,12377965,96
TIC 12378718,12378718,96
TIC 12379252,12379252,96
TIC 12393487,12393487,96
TIC 12393646,12393646,96
TIC 12393753,12393753,96
TIC 12393787,12393787,96
TIC 12393800,12393800,96
TIC 12393811,12393811,96
TIC 12393821,12393821,96
TIC 12393823,12393823,96
TIC 12393839,12393839,96
TIC 12393842,12393842,96
TIC 12393868,12393868,96
TIC 12393871,12393871,96
TIC 12393883,12393883,96
TIC 12393885,12393885,96
TIC 12393886,12393886,96
TIC 12393951,12393951,96
TIC 12393958,12393958,96
TIC 12393967,12393967,96
TIC 12393976,12393976,96
TIC 12394000,12394000,96
TIC 12394814,12394814,96
TIC 12394831,12394831,96
TIC 12394904,12394904,96
TIC 12394910,12394910,96
TIC 12394917,12394917,96
TIC 12394947,12394947,96
TIC 12394955,12394955,96
TIC 12394976,12394976,96
TIC 12394985,12394985,96
TIC 12395004,12395004,96
TIC 12395018,12395018,96
TIC 12395035,12395035,96
TIC 12395214,12395214,96
TIC 12395634,12395634,96
TIC 12395998,12395998,96
TIC 12396031,12396031,96
TIC 12417942,12417942,96
TIC 12418007,12418007,96
TIC 12418075,12418075,96
TIC 12418176,12418176,96
TIC 12418226,12418226,96
TIC 12418249,12418249,96
TIC 12418250,12418250,96
TIC 12418258,12418258,96
TIC 12418282,12418282,96
TIC 12418304,12418304,96
TIC 12418423,12418423,96
TIC 12418527,12418527,96
TIC 12418741,12418741,96
TIC 12418892,12418892,96
TIC 12420159,12420159,96
TIC 12420213,12420213,96
TIC 12420253,12420253,96
TIC 12420254,12420254,96
TIC 12420303,12420303,96
TIC 12420328,12420328,96
TIC 12420381,12420381,96
TIC 12420561,12420561,96
TIC 12420894,12420894,96
TIC 12422003,12422003,96
TIC 12422130,12422130,96
TIC 12422316,12422316,96
TIC 12423289,12423289,96
TIC 12423805,12423805,96
TIC 12423815,12423815,96
TIC 12424475,12424475,96
TIC 12424590,12424590,96
TIC 12424707,12424707,96
TIC 12433577,12433577,96
TIC 12433730,12433730,96
TIC 12434227,12434227,96
TIC 12434259,12434259,96
TIC 12434368,12434368,96
TIC 12435046,12435046,96
TIC 12435154,12435154,96
TIC 12435774,12435774,96
TIC 12469707,12469707,96
TIC 12470194,12470194,96
TIC 12470241,12470241,96
TIC 12471629,12471629,96
TIC 12472252,12472252,96
TIC 12473429,12473429,96
TIC 12474225,12474225,96
TIC 12509178,12509178,96
TIC 12509218,12509218,96
TIC 12511001,12511001,96
TIC 12822545,12822545,96
TIC 12858078,12858078,96
TIC 12858196,12858196,96
TIC 12880835,12880835,96
TIC 12931537,12931537,96
TIC 12931705,12931705,96
TIC 12932464,12932464,96
TIC 12932859,12932859,96
TIC 12933046,12933046,96
TIC 12967420,12967420,96
TIC 12968953,12968953,96
TIC 12969289,12969289,96
TIC 12969617,12969617,96
TIC 12970307,12970307,96
TIC 12970429,12970429,96
TIC 12970743,12970743,96
TIC 12972937,12972937,96
TIC 12974464,12974464,96
TIC 12997929,12997929,96
TIC 12999193,12999193,96
TIC 13000397,13000397,96
TIC 13023378,13023378,96
TIC 13023585,13023585,96
TIC 13024362,13024362,96
TIC 13024620,13024620,96
TIC 13058711,13058711,96
TIC 13058935,13058935,96
TIC 13059308,13059308,96
TIC 13060575,13060575,96
TIC 13065840,13065840,96
TIC 13065858,13065858,96
TIC 13065910,13065910,96
TIC 13066232,13066232,96
TIC 13066915,13066915,96
TIC 13074467,13074467,96
TIC 13090700,13090700,96
TIC 13090802,13090802,96
TIC 13097379,13097379,96
TIC 13099148,13099148,96
TIC 13099818,13099818,96
TIC 13137474,13137474,96
TIC 13140280,13140280,96
TIC 13140406,13140406,96
TIC 20891335,20891335,96
TIC 20891859,20891859,96
TIC 20892851,20892851,96
TIC 20892978,20892978,96
TIC 20897314,20897314,96
TIC 20897611,20897611,96
TIC 20898556,20898556,96
TIC 25117536,25117536,96
TIC 25153740,25153740,96
TIC 27955268,27955268,96
TIC 27964643,27964643,96
TIC 27965020,27965020,96
TIC 27966179,27966179,96
TIC 27972482,27972482,96
TIC 27973239,27973239,96
TIC 27973812,27973812,96
TIC 27985321,27985321,96
TIC 30642087,30642087,96
TIC 31310253,31310253,96
TIC 31742837,31742837,96
TIC 31998451,31998451,96
TIC 32034702,32034702,96
TIC 33715596,33715596,96
TIC 33717892,33717892,96
TIC 33910482,33910482,96
TIC 33911215,33911215,96
TIC 33911302,33911302,96
TIC 33911474,33911474,96
TIC 33912852,33912852,96
TIC 33912893,33912893,96
TIC 33914550,33914550,96
TIC 33944109,33944109,96
TIC 33944383,33944383,96
TIC 33945661,33945661,96
TIC 33945685,33945685,96
TIC 33946400,33946400,96
TIC 33946589,33946589,96
TIC 33946796,33946796,96
TIC 33947014,33947014,96
TIC 33947153,33947153,96
TIC 33949151,33949151,96
TIC 33981987,33981987,96
TIC 33982457,33982457,96
TIC 33982831,33982831,96
TIC 33982876,33982876,96
TIC 33982930,33982930,96
TIC 33983604,33983604,96
TIC 33983824,33983824,96
TIC 33984043,33984043,96
TIC 33984356,33984356,96
TIC 33984575,33984575,96
TIC 33984762,33984762,96
TIC 33984884,33984884,96
TIC 33984946,33984946,96
TIC 33985071,33985071,96
TIC 33985272,33985272,96
TIC 33985284,33985284,96
TIC 33985304,33985304,96
TIC 33986209,33986209,96
TIC 33986410,33986410,96
TIC 33986466,33986466,96
TIC 34014829,34014829,96
TIC 34015990,34015990,96
TIC 34016963,34016963,96
TIC 34016990,34016990,96
TIC 34035509,34035509,96
TIC 34035685,34035685,96
TIC 34036315,34036315,96
TIC 34036698,34036698,96
TIC 34036836,34036836,96
TIC 34036993,34036993,96
TIC 34037004,34037004,96
TIC 34038105,34038105,96
TIC 34039774,34039774,96
TIC 34040424,34040424,96
TIC 38426085,38426085,96
TIC 38468978,38468978,96
TIC 38470434,38470434,96
TIC 38515286,38515286,96
TIC 38516613,38516613,96
TIC 38516873,38516873,96
TIC 38696149,38696149,96
TIC 38807149,38807149,96
TIC 38815028,38815028,96
TIC 38828079,38828079,96
TIC 38849548,38849548,96
TIC 38965672,38965672,96
TIC 39067573,39067573,96
TIC 39081151,39081151,96
TIC 41789442,41789442,96
TIC 41858056,41858056,96
TIC 41859985,41859985,96
TIC 47276608,47276608,96
TIC 47276617,47276617,96
TIC 47294705,47294705,96
TIC 47296054,47296054,96
TIC 47296757,47296757,96
TIC 47316404,47316404,96
TIC 47316519,47316519,96
TIC 47316976,47316976,96
TIC 47336943,47336943,96
TIC 47338486,47338486,96
TIC 47338827,47338827,96
TIC 47339137,47339137,96
TIC 47353118,47353118,96
TIC 47353192,47353192,96
TIC 47353359,47353359,96
TIC 47354212,47354212,96
TIC 47354447,47354447,96
TIC 47354487,47354487,96
TIC 47354504,47354504,96
TIC 47355413,47355413,96
TIC 47355530,47355530,96
TIC 47383495,47383495,96
TIC 47389097,47389097,96
TIC 47389361,47389361,96
TIC 47389790,47389790,96
TIC 47422759,47422759,96
TIC 47422872,47422872,96
TIC 47423120,47423120,96
TIC 47423224,47423224,96
TIC 47423287,47423287,96
TIC 47424478,47424478,96
TIC 47425697,47425697,96
TIC 47465993,47465993,96
TIC 47466200,47466200,96
TIC 47467538,47467538,96
TIC 47482754,47482754,96
TIC 47482845,47482845,96
TIC 47483428,47483428,96
TIC 47484982,47484982,96
TIC 47504901,47504901,96
TIC 47504969,47504969,96
TIC 47506328,47506328,96
TIC 47507668,47507668,96
TIC 47510590,47510590,96
TIC 47525799,47525799,96
TIC 47525961,47525961,96
TIC 47526465,47526465,96
TIC 47526499,47526499,96
TIC 47527450,47527450,96
TIC 47551916,47551916,96
TIC 47552617,47552617,96
TIC 47552771,47552771,96
TIC 47553356,47553356,96
TIC 47553484,47553484,96
TIC 47553496,47553496,96
TIC 47556643,47556643,96
TIC 49675302,49675302,96
TIC 49687260,49687260,96
TIC 49733422,49733422,96
TIC 49783554,49783554,96
TIC 49785640,49785640,96
TIC 50273299,50273299,96
TIC 50441646,50441646,96
TIC 50494466,50494466,96
TIC 52075621,52075621,96
TIC 52120715,52120715,96
TIC 52153529,52153529,96
TIC 52195153,52195153,96
TIC 52283868,52283868,96
TIC 52284711,52284711,96
TIC 52309120,52309120,96
TIC 55399828,55399828,96
TIC 55479421,55479421,96
TIC 55501642,55501642,96
TIC 55602502,55602502,96
TIC 55605873,55605873,96
TIC 55653113,55653113,96
TIC 55741278,55741278,96
TIC 55782234,55782234,96
TIC 62439867,62439867,96
TIC 62439946,62439946,96
TIC 62440434,62440434,96
TIC 63688478,63688478,96
TIC 63688528,63688528,96
TIC 63695028,63695028,96
TIC 63695388,63695388,96
TIC 63695626,63695626,96
TIC 63695926,63695926,96
TIC 63695966,63695966,96
TIC 63696840,63696840,96
TIC 63697344,63697344,96
TIC 63698669,63698669,96
TIC 63724199,63724199,96
TIC 63726058,63726058,96
TIC 63726774,63726774,96
TIC 65258074,65258074,96
TIC 65258512,65258512,96
TIC 65259004,65259004,96
TIC 65259776,65259776,96
TIC 65259968,65259968,96
TIC 65260690,65260690,96
TIC 65261152,65261152,96
TIC 65261165,65261165,96
TIC 65261347,65261347,96
TIC 65261496,65261496,96
TIC 65262741,65262741,96
TIC 65263205,65263205,96
TIC 65263274,65263274,96
TIC 65263292,65263292,96
TIC 65263330,65263330,96
TIC 65263340,65263340,96
TIC 65263457,65263457,96
TIC 65263519,65263519,96
TIC 65263746,65263746,96
TIC 65263849,65263849,96
TIC 65264742,65264742,96
TIC 65264965,65264965,96
TIC 65289339,65289339,96
TIC 65289400,65289400,96
TIC 66357818,66357818,96
TIC 66397443,66397443,96
TIC 66418566,66418566,96
TIC 66419115,66419115,96
TIC 66436952,66436952,96
TIC 66437824,66437824,96
TIC 66437864,66437864,96
TIC 66438428,66438428,96
TIC 66438568,66438568,96
TIC 66439145,66439145,96
TIC 66439165,66439165,96
TIC 66465945,66465945,96
TIC 66466025,66466025,96
TIC 66467955,66467955,96
TIC 66497029,66497029,96
TIC 66497310,66497310,96
TIC 66497441,66497441,96
TIC 66497652,66497652,96
TIC 66533627,66533627,96
TIC 66533629,66533629,96
TIC 69744129,69744129,96
TIC 69744815,69744815,96
TIC 69745250,69745250,96
TIC 69745295,69745295,96
TIC 69745398,69745398,96
TIC 69745632,69745632,96
TIC 69746340,69746340,96
TIC 69747919,69747919,96
TIC 69749641,69749641,96
TIC 69750051,69750051,96
TIC 69750857,69750857,96
TIC 69764089,69764089,96
TIC 69764515,69764515,96
TIC 69766999,69766999,96
TIC 69812413,69812413,96
TIC 69812541,69812541,96
TIC 69813320,69813320,96
TIC 69813909,69813909,96
TIC 69815780,69815780,96
TIC 69816235,69816235,96
TIC 69816323,69816323,96
TIC 69819180,69819180,96
TIC 69819610,69819610,96
TIC 69838733,69838733,96
TIC 69840473,69840473,96
TIC 69841698,69841698,96
TIC 69841801,69841801,96
TIC 69855370,69855370,96
TIC 69857972,69857972,96
TIC 69888397,69888397,96
TIC 69888530,69888530,96
TIC 69888834,69888834,96
TIC 69889111,69889111,96
TIC 69889261,69889261,96
TIC 69911593,69911593,96
TIC 69912165,69912165,96
TIC 69925250,69925250,96
TIC 69927892,69927892,96
TIC 69928412,69928412,96
TIC 70420766,70420766,96
TIC 70441350,70441350,96
TIC 70441891,70441891,96
TIC 70442390,70442390,96
TIC 70448870,70448870,96
TIC 70450158,70450158,96
TIC 70450349,70450349,96
TIC 70450420,70450420,96
TIC 70450439,70450439,96
TIC 70450844,70450844,96
TIC 70460363,70460363,96
TIC 70460786,70460786,96
TIC 70461194,70461194,96
TIC 70723057,70723057,96
TIC 70723133,70723133,96
TIC 70723187,70723187,96
TIC 70723204,70723204,96
TIC 70723471,70723471,96
TIC 70723743,70723743,96
TIC 70723782,70723782,96
TIC 70741847,70741847,96
TIC 70741876,70741876,96
TIC 70741925,70741925,96
TIC 70741970,70741970,96
TIC 70741976,70741976,96
TIC 70741977,70741977,96
TIC 70742015,70742015,96
TIC 70742023,70742023,96
TIC 70742025,70742025,96
TIC 70742026,70742026,96
TIC 70742046,70742046,96
TIC 70742059,70742059,96
TIC 70742060,70742060,96
TIC 70742065,70742065,96
TIC 70742067,70742067,96
TIC 70742090,70742090,96
TIC 70742123,70742123,96
TIC 70742150,70742150,96
TIC 70742161,70742161,96
TIC 70742165,70742165,96
TIC 70742175,70742175,96
TIC 70742183,70742183,96
TIC 70742188,70742188,96
TIC 70742200,70742200,96
TIC 70742216,70742216,96
TIC 70742218,70742218,96
TIC 70742230,70742230,96
TIC 70742234,70742234,96
TIC 70742246,70742246,96
TIC 70742248,70742248,96
TIC 70742260,70742260,96
TIC 70742278,70742278,96
TIC 70742297,70742297,96
TIC 70742431,70742431,96
TIC 70743424,70743424,96
TIC 70743881,70743881,96
TIC 70743986,70743986,96
TIC 70744011,70744011,96
TIC 70744050,70744050,96
TIC 70744066,70744066,96
TIC 70744093,70744093,96
TIC 70744102,70744102,96
TIC 70744116,70744116,96
TIC 70744124,70744124,96
TIC 70744131,70744131,96
TIC 70744150,70744150,96
TIC 70744160,70744160,96
TIC 70744161,70744161,96
TIC 70744178,70744178,96
TIC 70744181,70744181,96
TIC 70744184,70744184,96
TIC 70744201,70744201,96
TIC 70744206,70744206,96
TIC 70744231,70744231,96
TIC 70744240,70744240,96
TIC 70744244,70744244,96
TIC 70744245,70744245,96
TIC 70744247,70744247,96
TIC 70744273,70744273,96
TIC 70744281,70744281,96
TIC 70744288,70744288,96
TIC 70744301,70744301,96
TIC 70744325,70744325,96
TIC 70744346,70744346,96
TIC 70744348,70744348,96
TIC 70744356,70744356,96
TIC 70744367,70744367,96
TIC 70744402,70744402,96
TIC 70761920,70761920,96
TIC 70762054,70762054,96
TIC 70762916,70762916,96
TIC 70762958,70762958,96
TIC 70762985,70762985,96
TIC 70762995,70762995,96
TIC 70763010,70763010,96
TIC 70763025,70763025,96
TIC 70763031,70763031,96
TIC 70763037,70763037,96
TIC 70763040,70763040,96
TIC 70763042,70763042,96
TIC 70763050,70763050,96
TIC 70763067,70763067,96
TIC 70763069,70763069,96
TIC 70763072,70763072,96
TIC 70763084,70763084,96
TIC 70763094,70763094,96
TIC 70763107,70763107,96
TIC 70763108,70763108,96
TIC 70763119,70763119,96
TIC 70763121,70763121,96
TIC 70763130,70763130,96
TIC 70763143,70763143,96
TIC 70763144,70763144,96
TIC 70763151,70763151,96
TIC 70763171,70763171,96
TIC 70763181,70763181,96
TIC 70763213,70763213,96
TIC 70763222,70763222,96
TIC 70763225,70763225,96
TIC 70763236,70763236,96
TIC 70763295,70763295,96
TIC 70763414,70763414,96
TIC 70775074,70775074,96
TIC 70775282,70775282,96
TIC 70775324,70775324,96
TIC 70775337,70775337,96
TIC 70775346,70775346,96
TIC 70775367,70775367,96
TIC 70775391,70775391,96
TIC 70775405,70775405,96
TIC 70775409,70775409,96
TIC 70775417,70775417,96
TIC 70775467,70775467,96
TIC 70775476,70775476,96
TIC 70775482,70775482,96
TIC 70775490,70775490,96
TIC 70775495,70775495,96
TIC 70775509,70775509,96
TIC 70775510,70775510,96
TIC 70775534,70775534,96
TIC 70775538,70775538,96
TIC 70775544,70775544,96
TIC 70775545,70775545,96
TIC 70775572,70775572,96
TIC 70775587,70775587,96
TIC 70775692,70775692,96
TIC 70775919,70775919,96
TIC 70776376,70776376,96
TIC 70776745,70776745,96
TIC 70777173,70777173,96
TIC 70777408,70777408,96
TIC 70785639,70785639,96
TIC 70785674,70785674,96
TIC 70785707,70785707,96
TIC 70785719,70785719,96
TIC 70785748,70785748,96
TIC 70785767,70785767,96
TIC 70785772,70785772,96
TIC 70785786,70785786,96
TIC 70785790,70785790,96
TIC 70785798,70785798,96
TIC 70785806,70785806,96
TIC 70785825,70785825,96
TIC 70785837,70785837,96
TIC 70785854,70785854,96
TIC 70785865,70785865,96
TIC 70785883,70785883,96
TIC 70785910,70785910,96
TIC 70785920,70785920,96
TIC 70785935,70785935,96
TIC 70785954,70785954,96
TIC 70785990,70785990,96
TIC 70786040,70786040,96
TIC 70786346,70786346,96
TIC 70786383,70786383,96
TIC 70786548,70786548,96
TIC 70787214,70787214,96
TIC 70787794,70787794,96
TIC 70787927,70787927,96
TIC 70787954,70787954,96
TIC 70787967,70787967,96
TIC 70787972,70787972,96
TIC 70787987,70787987,96
TIC 70788006,70788006,96
TIC 70788025,70788025,96
TIC 70788050,70788050,96
TIC 70788061,70788061,96
TIC 70788066,70788066,96
TIC 70788071,70788071,96
TIC 70788090,70788090,96
TIC 70788096,70788096,96
TIC 70788104,70788104,96
TIC 70788144,70788144,96
TIC 70788212,70788212,96
TIC 70788253,70788253,96
TIC 70796758,70796758,96
TIC 70796938,70796938,96
TIC 70797741,70797741,96
TIC 70797747,70797747,96
TIC 70797852,70797852,96
TIC 70797862,70797862,96
TIC 70797886,70797886,96
TIC 70797900,70797900,96
TIC 70798038,70798038,96
TIC 70818705,70818705,96
TIC 70818916,70818916,96
TIC 70819082,70819082,96
TIC 70819361,70819361,96
TIC 70819773,70819773,96
TIC 70819928,70819928,96
TIC 70846217,70846217,96
TIC 70846244,70846244,96
TIC 70846418,70846418,96
TIC 70846550,70846550,96
TIC 70846552,70846552,96
TIC 70847587,70847587,96
TIC 70848022,70848022,96
TIC 70848089,70848089,96
TIC 70848121,70848121,96
TIC 70848339,70848339,96
TIC 70848468,70848468,96
TIC 70858252,70858252,96
TIC 70858377,70858377,96
TIC 70858597,70858597,96
TIC 70858677,70858677,96
TIC 70859006,70859006,96
TIC 70859174,70859174,96
TIC 70859339,70859339,96
TIC 76923707,76923707,96
TIC 76925106,76925106,96
TIC 76945223,76945223,96
TIC 76946869,76946869,96
TIC 76960978,76960978,96
TIC 76961592,76961592,96
TIC 76989773,76989773,96
TIC 77005811,77005811,96
TIC 77019836,77019836,96
TIC 77022104,77022104,96
TIC 77030117,77030117,96
TIC 77031014,77031014,96
TIC 77031414,77031414,96
TIC 77031456,77031456,96
TIC 77040905,77040905,96
TIC 77041175,77041175,96
TIC 77044150,77044150,96
TIC 77044422,77044422,96
TIC 77044444,77044444,96
TIC 77044471,77044471,96
TIC 77045567,77045567,96
TIC 77045748,77045748,96
TIC 77045825,77045825,96
TIC 80255594,80255594,96
TIC 80256268,80256268,96
TIC 80258630,80258630,96
TIC 80259121,80259121,96
TIC 80259183,80259183,96
TIC 80259200,80259200,96
TIC 80259210,80259210,96
TIC 80260672,80260672,96
TIC 80260726,80260726,96
TIC 80261173,80261173,96
TIC 80261235,80261235,96
TIC 80261237,80261237,96
TIC 80262280,80262280,96
TIC 80288838,80288838,96
TIC 80289410,80289410,96
TIC 80313952,80313952,96
TIC 80314464,80314464,96
TIC 80337213,80337213,96
TIC 80340315,80340315,96
TIC 80361562,80361562,96
TIC 80362803,80362803,96
TIC 80362876,80362876,96
TIC 80363047,80363047,96
TIC 80417903,80417903,96
TIC 80418008,80418008,96
TIC 80419101,80419101,96
TIC 80420105,80420105,96
TIC 80420437,80420437,96
TIC 80427531,80427531,96
TIC 80428212,80428212,96
TIC 80429950,80429950,96
TIC 80430789,80430789,96
TIC 80431144,80431144,96
TIC 80431620,80431620,96
TIC 80431967,80431967,96
TIC 80439450,80439450,96
TIC 80470539,80470539,96
TIC 80474886,80474886,96
TIC 80509361,80509361,96
TIC 89433946,89433946,96
TIC 89434870,89434870,96
TIC 89464315,89464315,96
TIC 89467049,89467049,96
TIC 89501696,89501696,96
TIC 89502177,89502177,96
TIC 89502706,89502706,96
TIC 89503625,89503625,96
TIC 89526841,89526841,96
TIC 89527135,89527135,96
TIC 89528030,89528030,96
TIC 89529323,89529323,96
TIC 89529774,89529774,96
TIC 89530046,89530046,96
TIC 89543592,89543592,96
TIC 89544985,89544985,96
TIC 89545031,89545031,96
TIC 89545268,89545268,96
TIC 89545504,89545504,96
TIC 89564253,89564253,96
TIC 91476286,91476286,96
TIC 91509292,91509292,96
TIC 91510119,91510119,96
TIC 91511968,91511968,96
TIC 91513352,91513352,96
TIC 91513873,91513873,96
TIC 92129742,92129742,96
TIC 92130690,92130690,96
TIC 92132139,92132139,96
TIC 92132150,92132150,96
TIC 92135061,92135061,96
TIC 92136299,92136299,96
TIC 92137000,92137000,96
TIC 92138155,92138155,96
TIC 92138328,92138328,96
TIC 92138849,92138849,96
TIC 92139117,92139117,96
TIC 100014454,100014454,96
TIC 100066512,100066512,96
TIC 100101861,100101861,96
TIC 100103131,100103131,96
TIC 100103200,100103200,96
TIC 100103201,100103201,96
TIC 101916028,101916028,96
TIC 101930568,101930568,96
TIC 101936170,101936170,96
TIC 101944261,101944261,96
TIC 101963042,101963042,96
TIC 101991992,101991992,96
TIC 102029734,102029734,96
TIC 102032194,102032194,96
TIC 102034623,102034623,96
TIC 102048288,102048288,96
TIC 102049026,102049026,96
TIC 102050598,102050598,96
TIC 102063797,102063797,96
TIC 102069948,102069948,96
TIC 102072061,102072061,96
TIC 102072192,102072192,96
TIC 102086876,102086876,96
TIC 102165758,102165758,96
TIC 111183289,111183289,96
TIC 111187642,111187642,96
TIC 111225194,111225194,96
TIC 111750740,111750740,96
TIC 111750833,111750833,96
TIC 111778581,111778581,96
TIC 114749636,114749636,96
TIC 114749727,114749727,96
TIC 114749987,114749987,96
TIC 114804645,114804645,96
TIC 114806039,114806039,96
TIC 114807081,114807081,96
TIC 114807149,114807149,96
TIC 114807545,114807545,96
TIC 114809058,114809058,96
TIC 114809327,114809327,96
TIC 114818345,114818345,96
TIC 114849861,114849861,96
TIC 114851324,114851324,96
TIC 114875764,114875764,96
TIC 115241081,115241081,96
TIC 115241144,115241144,96
TIC 115241419,115241419,96
TIC 115242300,115242300,96
TIC 115242351,115242351,96
TIC 115243030,115243030,96
TIC 115692339,115692339,96
TIC 115692439,115692439,96
TIC 115692489,115692489,96
TIC 115942717,115942717,96
TIC 115942852,115942852,96
TIC 115943849,115943849,96
TIC 116156578,116156578,96
TIC 116156795,116156795,96
TIC 116157537,116157537,96
TIC 116416387,116416387,96
TIC 116416587,116416587,96
TIC 116417535,116417535,96
TIC 116417668,116417668,96
TIC 116418167,116418167,96
TIC 116660735,116660735,96
TIC 116880248,116880248,96
TIC 116882119,116882119,96
TIC 117157551,117157551,96
TIC 117157622,117157622,96
TIC 117396321,117396321,96
TIC 117396614,117396614,96
TIC 117642971,117642971,96
TIC 117643553,117643553,96
TIC 117643622,117643622,96
TIC 117875832,117875832,96
TIC 117875837,117875837,96
TIC 118115567,118115567,96
TIC 118328622,118328622,96
TIC 118585879,118585879,96
TIC 118586990,118586990,96
TIC 120415521,120415521,96
TIC 120416203,120416203,96
TIC 120429061,120429061,96
TIC 120442874,120442874,96
TIC 120444370,120444370,96
TIC 120444834,120444834,96
TIC 120461208,120461208,96
TIC 120461526,120461526,96
TIC 120462356,120462356,96
TIC 120488831,120488831,96
TIC 120489003,120489003,96
TIC 120505709,120505709,96
TIC 120505952,120505952,96
TIC 120522722,120522722,96
TIC 120523488,120523488,96
TIC 120523708,120523708,96
TIC 120548699,120548699,96
TIC 120549327,120549327,96
TIC 120563317,120563317,96
TIC 120563740,120563740,96
TIC 120564279,120564279,96
TIC 120564979,120564979,96
TIC 120565745,120565745,96
TIC 120580052,120580052,96
TIC 120606717,120606717,96
TIC 120607016,120607016,96
TIC 120608083,120608083,96
TIC 120609760,120609760,96
TIC 120610731,120610731,96
TIC 120610833,120610833,96
TIC 136886815,136886815,96
TIC 137729778,137729778,96
TIC 137766384,137766384,96
TIC 137767436,137767436,96
TIC 137769260,137769260,96
TIC 137773084,137773084,96
TIC 137773347,137773347,96
TIC 137796772,137796772,96
TIC 137805904,137805904,96
TIC 137806076,137806076,96
TIC 137807038,137807038,96
TIC 137813330,137813330,96
TIC 137835519,137835519,96
TIC 137836270,137836270,96
TIC 137836578,137836578,96
TIC 137837137,137837137,96
TIC 137839572,137839572,96
TIC 138707787,138707787,96
TIC 139188325,139188325,96
TIC 139327355,139327355,96
TIC 141756148,141756148,96
TIC 142146492,142146492,96
TIC 144276313,144276313,96
TIC 144277323,144277323,96
TIC 144300633,144300633,96
TIC 144301739,144301739,96
TIC 144301755,144301755,96
TIC 144307474,144307474,96
TIC 144309212,144309212,96
TIC 144330892,144330892,96
TIC 144331653,144331653,96
TIC 144334942,144334942,96
TIC 144335025,144335025,96
TIC 144376819,144376819,96
TIC 144376931,144376931,96
TIC 144382040,144382040,96
TIC 144385482,144385482,96
TIC 144386207,144386207,96
TIC 144386393,144386393,96
TIC 144398601,144398601,96
TIC 144401899,144401899,96
TIC 144436638,144436638,96
TIC 144456191,144456191,96
TIC 144460668,144460668,96
TIC 145750604,145750604,96
TIC 146165393,146165393,96
TIC 146165482,146165482,96
TIC 146165577,146165577,96
TIC 146364111,146364111,96
TIC 146579202,146579202,96
TIC 146580963,146580963,96
TIC 146580999,146580999,96
TIC 146944745,146944745,96
TIC 148993614,148993614,96
TIC 149010208,149010208,96
TIC 149011346,149011346,96
TIC 149011679,149011679,96
TIC 149011859,149011859,96
TIC 149012110,149012110,96
TIC 149018345,149018345,96
TIC 149018384,149018384,96
TIC 149019524,149019524,96
TIC 149020088,149020088,96
TIC 149020199,149020199,96
TIC 149020596,149020596,96
TIC 149021009,149021009,96
TIC 149021484,149021484,96
TIC 149021888,149021888,96
TIC 149021953,149021953,96
TIC 149107241,149107241,96
TIC 149107538,149107538,96
TIC 149272037,149272037,96
TIC 149302242,149302242,96
TIC 149392082,149392082,96
TIC 149423599,149423599,96
TIC 149478308,149478308,96
TIC 149503727,149503727,96
TIC 149800048,149800048,96
TIC 149800466,149800466,96
TIC 149826974,149826974,96
TIC 149836810,149836810,96
TIC 149837207,149837207,96
TIC 149837870,149837870,96
TIC 149838027,149838027,96
TIC 149839141,149839141,96
TIC 149931603,149931603,96
TIC 149973423,149973423,96
TIC 149975676,149975676,96
TIC 149989242,149989242,96
TIC 149990841,149990841,96
TIC 149990865,149990865,96
TIC 149992479,149992479,96
TIC 150033920,150033920,96
TIC 150099511,150099511,96
TIC 150141097,150141097,96
TIC 150142668,150142668,96
TIC 150143447,150143447,96
TIC 150188313,150188313,96
TIC 150248292,150248292,96
TIC 150274615,150274615,96
TIC 150302436,150302436,96
TIC 150394908,150394908,96
TIC 151892408,151892408,96
TIC 151892844,151892844,96
TIC 151892884,151892884,96
TIC 151892902,151892902,96
TIC 152071579,152071579,96
TIC 152807998,152807998,96
TIC 152809065,152809065,96
TIC 152809690,152809690,96
TIC 152820965,152820965,96
TIC 152826383,152826383,96
TIC 152831841,152831841,96
TIC 152863598,152863598,96
TIC 152864586,152864586,96
TIC 152865111,152865111,96
TIC 152866289,152866289,96
TIC 154375139,154375139,96
TIC 154375200,154375200,96
TIC 154375243,154375243,96
TIC 154375252,154375252,96
TIC 154618248,154618248,96
TIC 154619199,154619199,96
TIC 154842794,154842794,96
TIC 154842814,154842814,96
TIC 154842979,154842979,96
TIC 154843001,154843001,96
TIC 154844470,154844470,96
TIC 154844659,154844659,96
TIC 154844788,154844788,96
TIC 155081787,155081787,96
TIC 155081954,155081954,96
TIC 155081964,155081964,96
TIC 155083071,155083071,96
TIC 155084541,155084541,96
TIC 155315739,155315739,96
TIC 155316194,155316194,96
TIC 155540753,155540753,96
TIC 155540827,155540827,96
TIC 155542407,155542407,96
TIC 155774779,155774779,96
TIC 155776548,155776548,96
TIC 155895287,155895287,96
TIC 155895820,155895820,96
TIC 155895864,155895864,96
TIC 155896942,155896942,96
TIC 155896956,155896956,96
TIC 155897369,155897369,96
TIC 155913741,155913741,96
TIC 155917157,155917157,96
TIC 155918174,155918174,96
TIC 155940286,155940286,96
TIC 155942035,155942035,96
TIC 155945004,155945004,96
TIC 155950028,155950028,96
TIC 155967786,155967786,96
TIC 155985198,155985198,96
TIC 155986180,155986180,96
TIC 155986202,155986202,96
TIC 155991217,155991217,96
TIC 155991323,155991323,96
TIC 155996406,155996406,96
TIC 156003229,156003229,96
TIC 156016304,156016304,96
TIC 156016477,156016477,96
TIC 156016697,156016697,96
TIC 156064657,156064657,96
TIC 156065086,156065086,96
TIC 156084350,156084350,96
TIC 158535249,158535249,96
TIC 158536201,158536201,96
TIC 158549631,158549631,96
TIC 158565856,158565856,96
TIC 158568603,158568603,96
TIC 158582463,158582463,96
TIC 158582801,158582801,96
TIC 158583225,158583225,96
TIC 158595145,158595145,96
TIC 158596311,158596311,96
TIC 158621282,158621282,96
TIC 158622711,158622711,96
TIC 158637830,158637830,96
TIC 158637987,158637987,96
TIC 160032706,160032706,96
TIC 160066134,160066134,96
TIC 160069376,160069376,96
TIC 160070136,160070136,96
TIC 160074746,160074746,96
TIC 160074946,160074946,96
TIC 160078278,160078278,96
TIC 160078839,160078839,96
TIC 160080353,160080353,96
TIC 160112211,160112211,96
TIC 160112835,160112835,96
TIC 160147840,160147840,96
TIC 160192236,160192236,96
TIC 160196569,160196569,96
TIC 160221013,160221013,96
TIC 160221177,160221177,96
TIC 165881460,165881460,96
TIC 165885921,165885921,96
TIC 165886462,165886462,96
TIC 165886798,165886798,96
TIC 166670860,166670860,96
TIC 166674914,166674914,96
TIC 166675170,166675170,96
TIC 166679618,166679618,96
TIC 166698220,166698220,96
TIC 166731122,166731122,96
TIC 166733720,166733720,96
TIC 166738041,166738041,96
TIC 166739782,166739782,96
TIC 166745012,166745012,96
TIC 166760533,166760533,96
TIC 166787777,166787777,96
TIC 166788138,166788138,96
TIC 166802566,166802566,96
TIC 166803096,166803096,96
TIC 166808854,166808854,96
TIC 166809009,166809009,96
TIC 166835573,166835573,96
TIC 166839052,166839052,96
TIC 166841803,166841803,96
TIC 166851829,166851829,96
TIC 167165755,167165755,96
TIC 167303710,167303710,96
TIC 167308798,167308798,96
TIC 167367915,167367915,96
TIC 167418488,167418488,96
TIC 167524140,167524140,96
TIC 167693095,167693095,96
TIC 167718849,167718849,96
TIC 167723280,167723280,96
TIC 167749581,167749581,96
TIC 167749801,167749801,96
TIC 167808399,167808399,96
TIC 167896942,167896942,96
TIC 169265249,169265249,96
TIC 169265341,169265341,96
TIC 169265855,169265855,96
TIC 169266507,169266507,96
TIC 169267005,169267005,96
TIC 169284834,169284834,96
TIC 169285097,169285097,96
TIC 169287250,169287250,96
TIC 169304011,169304011,96
TIC 169745547,169745547,96
TIC 169747226,169747226,96
TIC 169747618,169747618,96
TIC 169763805,169763805,96
TIC 169764680,169764680,96
TIC 169764867,169764867,96
TIC 169765107,169765107,96
TIC 169765334,169765334,96
TIC 169765692,169765692,96
TIC 169767757,169767757,96
TIC 175286843,175286843,96
TIC 175287632,175287632,96
TIC 175294432,175294432,96
TIC 175298102,175298102,96
TIC 175315456,175315456,96
TIC 175365356,175365356,96
TIC 175367011,175367011,96
TIC 175374356,175374356,96
TIC 175374959,175374959,96
TIC 175375523,175375523,96
TIC 175391610,175391610,96
TIC 175391698,175391698,96
TIC 175392019,175392019,96
TIC 175396532,175396532,96
TIC 175396565,175396565,96
TIC 175397925,175397925,96
TIC 175399424,175399424,96
TIC 175400332,175400332,96
TIC 175404281,175404281,96
TIC 175410258,175410258,96
TIC 175411217,175411217,96
TIC 175458095,175458095,96
TIC 175475458,175475458,96
TIC 175476928,175476928,96
TIC 175477257,175477257,96
TIC 175480807,175480807,96
TIC 175482273,175482273,96
TIC 175483065,175483065,96
TIC 175483396,175483396,96
TIC 175484955,175484955,96
TIC 176934670,176934670,96
TIC 176937031,176937031,96
TIC 177160685,177160685,96
TIC 177161652,177161652,96
TIC 177385274,177385274,96
TIC 179282596,179282596,96
TIC 179284364,179284364,96
TIC 179677774,179677774,96
TIC 179678374,179678374,96
TIC 179679367,179679367,96
TIC 179823272,179823272,96
TIC 179824167,179824167,96
TIC 180145000,180145000,96
TIC 180145006,180145006,96
TIC 180551012,180551012,96
TIC 180551118,180551118,96
TIC 180551139,180551139,96
TIC 180551159,180551159,96
TIC 180723706,180723706,96
TIC 180724005,180724005,96
TIC 180871884,180871884,96
TIC 180872883,180872883,96
TIC 180873019,180873019,96
TIC 180999411,180999411,96
TIC 181165209,181165209,96
TIC 181165256,181165256,96
TIC 182735573,182735573,96
TIC 183230904,183230904,96
TIC 183231138,183231138,96
TIC 183231662,183231662,96
TIC 183373104,183373104,96
TIC 183374288,183374288,96
TIC 183374295,183374295,96
TIC 183528244,183528244,96
TIC 183528954,183528954,96
TIC 183530515,183530515,96
TIC 183530773,183530773,96
TIC 183531117,183531117,96
TIC 183531164,183531164,96
TIC 183531259,183531259,96
TIC 183532589,183532589,96
TIC 183532609,183532609,96
TIC 183532804,183532804,96
TIC 183533456,183533456,96
TIC 183533480,183533480,96
TIC 183533481,183533481,96
TIC 183533588,183533588,96
TIC 183533908,183533908,96
TIC 183535981,183535981,96
TIC 183536522,183536522,96
TIC 183537408,183537408,96
TIC 183560893,183560893,96
TIC 183562688,183562688,96
TIC 183563309,183563309,96
TIC 183563651,183563651,96
TIC 183564258,183564258,96
TIC 183582543,183582543,96
TIC 183582988,183582988,96
TIC 183586486,183586486,96
TIC 183587877,183587877,96
TIC 183820328,183820328,96
TIC 183821464,183821464,96
TIC 183978991,183978991,96
TIC 183984209,183984209,96
TIC 183984307,183984307,96
TIC 183985179,183985179,96
TIC 183985250,183985250,96
TIC 184111852,184111852,96
TIC 184112819,184112819,96
TIC 184398869,184398869,96
TIC 184688616,184688616,96
TIC 188569974,188569974,96
TIC 188570092,188570092,96
TIC 188579573,188579573,96
TIC 188586078,188586078,96
TIC 188593002,188593002,96
TIC 188593547,188593547,96
TIC 188598946,188598946,96
TIC 188618625,188618625,96
TIC 188619138,188619138,96
TIC 188619498,188619498,96
TIC 188620407,188620407,96
TIC 188626156,188626156,96
TIC 188626904,188626904,96
TIC 188627037,188627037,96
TIC 188628458,188628458,96
TIC 188630094,188630094,96
TIC 188630272,188630272,96
TIC 188636446,188636446,96
TIC 188637363,188637363,96
TIC 188644642,188644642,96
TIC 188644804,188644804,96
TIC 188645511,188645511,96
TIC 188662288,188662288,96
TIC 188662786,188662786,96
TIC 197787143,197787143,96
TIC 197787320,197787320,96
TIC 197788791,197788791,96
TIC 197792312,197792312,96
TIC 197792776,197792776,96
TIC 197793057,197793057,96
TIC 197793584,197793584,96
TIC 197805226,197805226,96
TIC 197805988,197805988,96
TIC 197806534,197806534,96
TIC 197807043,197807043,96
TIC 197807778,197807778,96
TIC 197807986,197807986,96
TIC 197808181,197808181,96
TIC 197808753,197808753,96
TIC 197831227,197831227,96
TIC 197831580,197831580,96
TIC 197831745,197831745,96
TIC 197843523,197843523,96
TIC 197843622,197843622,96
TIC 197844066,197844066,96
TIC 197844078,197844078,96
TIC 197844318,197844318,96
TIC 197845877,197845877,96
TIC 197847423,197847423,96
TIC 197868248,197868248,96
TIC 197879853,197879853,96
TIC 197882175,197882175,96
TIC 197883618,197883618,96
TIC 197883936,197883936,96
TIC 197884816,197884816,96
TIC 197886887,197886887,96
TIC 197887879,197887879,96
TIC 197889281,197889281,96
TIC 197889689,197889689,96
TIC 197890692,197890692,96
TIC 197905758,197905758,96
TIC 197905813,197905813,96
TIC 197908104,197908104,96
TIC 197908268,197908268,96
TIC 197909428,197909428,96
TIC 197934312,197934312,96
TIC 197934579,197934579,96
TIC 198003939,198003939,96
TIC 198004546,198004546,96
TIC 198006272,198006272,96
TIC 198008979,198008979,96
TIC 198011827,198011827,96
TIC 198033585,198033585,96
TIC 198035137,198035137,96
TIC 198036035,198036035,96
TIC 198037452,198037452,96
TIC 198051248,198051248,96
TIC 198051539,198051539,96
TIC 198051596,198051596,96
TIC 198052877,198052877,96
TIC 198073624,198073624,96
TIC 198073874,198073874,96
TIC 198075709,198075709,96
TIC 198076922,198076922,96
TIC 198076947,198076947,96
TIC 198077325,198077325,96
TIC 198077394,198077394,96
TIC 198079811,198079811,96
TIC 198081304,198081304,96
TIC 199729842,199729842,96
TIC 199730918,199730918,96
TIC 199730935,199730935,96
TIC 199730970,199730970,96
TIC 199732600,199732600,96
TIC 199733788,199733788,96
TIC 199737028,199737028,96
TIC 199737439,199737439,96
TIC 200658785,200658785,96
TIC 200662663,200662663,96
TIC 200662899,200662899,96
TIC 200671443,200671443,96
TIC 200690725,200690725,96
TIC 200724436,200724436,96
TIC 200727807,200727807,96
TIC 200769793,200769793,96
TIC 200779640,200779640,96
TIC 201175966,201175966,96
TIC 201177626,201177626,96
TIC 201228277,201228277,96
TIC 201233348,201233348,96
TIC 201234605,201234605,96
TIC 201252219,201252219,96
TIC 201287890,201287890,96
TIC 201364704,201364704,96
TIC 201753334,201753334,96
TIC 201753428,201753428,96
TIC 201753670,201753670,96
TIC 201775330,201775330,96
TIC 201789285,201789285,96
TIC 201792346,201792346,96
TIC 201793372,201793372,96
TIC 201794022,201794022,96
TIC 201794622,201794622,96
TIC 201795342,201795342,96
TIC 201795552,201795552,96
TIC 201795667,201795667,96
TIC 201795995,201795995,96
TIC 201796131,201796131,96
TIC 201799970,201799970,96
TIC 201801867,201801867,96
TIC 201801992,201801992,96
TIC 201835040,201835040,96
TIC 201835821,201835821,96
TIC 201856148,201856148,96
TIC 201856318,201856318,96
TIC 201856812,201856812,96
TIC 201856927,201856927,96
TIC 201857167,201857167,96
TIC 201859220,201859220,96
TIC 201859307,201859307,96
TIC 201859671,201859671,96
TIC 201859801,201859801,96
TIC 201859867,201859867,96
TIC 201860785,201860785,96
TIC 201860855,201860855,96
TIC 201860926,201860926,96
TIC 201861120,201861120,96
TIC 201861769,201861769,96
TIC 201862089,201862089,96
TIC 201862370,201862370,96
TIC 201862459,201862459,96
TIC 201874550,201874550,96
TIC 201876214,201876214,96
TIC 201876982,201876982,96
TIC 201877735,201877735,96
TIC 201878287,201878287,96
TIC 201878303,201878303,96
TIC 201879180,201879180,96
TIC 201881092,201881092,96
TIC 201881998,201881998,96
TIC 201883677,201883677,96
TIC 201883910,201883910,96
TIC 201884716,201884716,96
TIC 201884809,201884809,96
TIC 201884817,201884817,96
TIC 201897664,201897664,96
TIC 201897982,201897982,96
TIC 201898222,201898222,96
TIC 201898664,201898664,96
TIC 201919099,201919099,96
TIC 201919205,201919205,96
TIC 201922554,201922554,96
TIC 201923077,201923077,96
TIC 201923913,201923913,96
TIC 201937751,201937751,96
TIC 201937967,201937967,96
TIC 201938311,201938311,96
TIC 201938513,201938513,96
TIC 204290175,204290175,96
TIC 204291257,204291257,96
TIC 204291947,204291947,96
TIC 204293150,204293150,96
TIC 204293459,204293459,96
TIC 204294043,204294043,96
TIC 204294124,204294124,96
TIC 204294861,204294861,96
TIC 204295549,204295549,96
TIC 204313960,204313960,96
TIC 204314268,204314268,96
TIC 204314462,204314462,96
TIC 204314709,204314709,96
TIC 204315072,204315072,96
TIC 204315569,204315569,96
TIC 204316282,204316282,96
TIC 204317710,204317710,96
TIC 204320077,204320077,96
TIC 204320409,204320409,96
TIC 204322677,204322677,96
TIC 204322907,204322907,96
TIC 204323048,204323048,96
TIC 204323094,204323094,96
TIC 204324300,204324300,96
TIC 204325302,204325302,96
TIC 204326469,204326469,96
TIC 204327923,204327923,96
TIC 204328293,204328293,96
TIC 204351025,204351025,96
TIC 204351208,204351208,96
TIC 204351364,204351364,96
TIC 204372519,204372519,96
TIC 204372587,204372587,96
TIC 204373316,204373316,96
TIC 204390050,204390050,96
TIC 204390135,204390135,96
TIC 204390369,204390369,96
TIC 204391423,204391423,96
TIC 206283357,206283357,96
TIC 206361964,206361964,96
TIC 206502140,206502140,96
TIC 206502924,206502924,96
TIC 206533531,206533531,96
TIC 206539429,206539429,96
TIC 206539520,206539520,96
TIC 206540414,206540414,96
TIC 206548902,206548902,96
TIC 206550614,206550614,96
TIC 206554261,206554261,96
TIC 206558609,206558609,96
TIC 206561808,206561808,96
TIC 206561858,206561858,96
TIC 206586520,206586520,96
TIC 206590489,206590489,96
TIC 206594982,206594982,96
TIC 206595483,206595483,96
TIC 206596515,206596515,96
TIC 206600479,206600479,96
TIC 206600616,206600616,96
TIC 206605688,206605688,96
TIC 206605718,206605718,96
TIC 206605822,206605822,96
TIC 206608032,206608032,96
TIC 206614902,206614902,96
TIC 206615033,206615033,96
TIC 206617841,206617841,96
TIC 206618475,206618475,96
TIC 206620071,206620071,96
TIC 206621646,206621646,96
TIC 206623351,206623351,96
TIC 206624740,206624740,96
TIC 206624950,206624950,96
TIC 206626101,206626101,96
TIC 206627169,206627169,96
TIC 206649891,206649891,96
TIC 206650394,206650394,96
TIC 206651551,206651551,96
TIC 206652823,206652823,96
TIC 206653415,206653415,96
TIC 206653444,206653444,96
TIC 206658885,206658885,96
TIC 206660104,206660104,96
TIC 206663039,206663039,96
TIC 206663338,206663338,96
TIC 206668402,206668402,96
TIC 206668741,206668741,96
TIC 206669860,206669860,96
TIC 206669880,206669880,96
TIC 206670480,206670480,96
TIC 206684894,206684894,96
TIC 206685089,206685089,96
TIC 206686292,206686292,96
TIC 206686962,206686962,96
TIC 206687197,206687197,96
TIC 206688085,206688085,96
TIC 206688155,206688155,96
TIC 206688456,206688456,96
TIC 206688762,206688762,96
TIC 206691359,206691359,96
TIC 207084336,207084336,96
TIC 207084783,207084783,96
TIC 207084928,207084928,96
TIC 207085050,207085050,96
TIC 207085716,207085716,96
TIC 207085743,207085743,96
TIC 207086752,207086752,96
TIC 207089163,207089163,96
TIC 207110080,207110080,96
TIC 207131482,207131482,96
TIC 207131617,207131617,96
TIC 207132108,207132108,96
TIC 207132816,207132816,96
TIC 207133243,207133243,96
TIC 207137122,207137122,96
TIC 207137419,207137419,96
TIC 207138379,207138379,96
TIC 207141131,207141131,96
TIC 207142885,207142885,96
TIC 207143940,207143940,96
TIC 207144580,207144580,96
TIC 207144859,207144859,96
TIC 207145582,207145582,96
TIC 207146941,207146941,96
TIC 207148580,207148580,96
TIC 207149009,207149009,96
TIC 207149599,207149599,96
TIC 207149774,207149774,96
TIC 207150542,207150542,96
TIC 207170637,207170637,96
TIC 207171550,207171550,96
TIC 207172148,207172148,96
TIC 207175713,207175713,96
TIC 207176480,207176480,96
TIC 207200144,207200144,96
TIC 207200679,207200679,96
TIC 207201506,207201506,96
TIC 207201539,207201539,96
TIC 207202159,207202159,96
TIC 207202191,207202191,96
TIC 207203189,207203189,96
TIC 207203428,207203428,96
TIC 207205231,207205231,96
TIC 207205242,207205242,96
TIC 207205840,207205840,96
TIC 207206751,207206751,96
TIC 207206762,207206762,96
TIC 207208668,207208668,96
TIC 207208685,207208685,96
TIC 207210606,207210606,96
TIC 207234280,207234280,96
TIC 207235278,207235278,96
TIC 207237016,207237016,96
TIC 207238086,207238086,96
TIC 207238346,207238346,96
TIC 207238791,207238791,96
TIC 207238953,207238953,96
TIC 207241679,207241679,96
TIC 207242047,207242047,96
TIC 209302254,209302254,96
TIC 209310912,209310912,96
TIC 209312966,209312966,96
TIC 209313164,209313164,96
TIC 209313671,209313671,96
TIC 209315850,209315850,96
TIC 209316699,209316699,96
TIC 209319298,209319298,96
TIC 209359681,209359681,96
TIC 209360802,209360802,96
TIC 209362892,209362892,96
TIC 209363138,209363138,96
TIC 209363450,209363450,96
TIC 209365438,209365438,96
TIC 209366216,209366216,96
TIC 209366958,209366958,96
TIC 209366972,209366972,96
TIC 209367350,209367350,96
TIC 209368862,209368862,96
TIC 209369152,209369152,96
TIC 214427123,214427123,96
TIC 214658485,214658485,96
TIC 214664495,214664495,96
TIC 214664574,214664574,96
TIC 214664575,214664575,96
TIC 214664639,214664639,96
TIC 215053606,215053606,96
TIC 215053614,215053614,96
TIC 218959871,218959871,96
TIC 218960010,218960010,96
TIC 218960493,218960493,96
TIC 218961596,218961596,96
TIC 218962839,218962839,96
TIC 218963269,218963269,96
TIC 218963487,218963487,96
TIC 218964090,218964090,96
TIC 218969155,218969155,96
TIC 218969746,218969746,96
TIC 218970017,218970017,96
TIC 218970176,218970176,96
TIC 218970233,218970233,96
TIC 218970269,218970269,96
TIC 218971180,218971180,96
TIC 218971976,218971976,96
TIC 218974445,218974445,96
TIC 218975722,218975722,96
TIC 218975921,218975921,96
TIC 218977148,218977148,96
TIC 218978409,218978409,96
TIC 218978784,218978784,96
TIC 218978885,218978885,96
TIC 218978929,218978929,96
TIC 218980599,218980599,96
TIC 218982925,218982925,96
TIC 218983421,218983421,96
TIC 218983567,218983567,96
TIC 218985635,218985635,96
TIC 218985851,218985851,96
TIC 219333801,219333801,96
TIC 219341294,219341294,96
TIC 219985655,219985655,96
TIC 219988300,219988300,96
TIC 219989778,219989778,96
TIC 219991585,219991585,96
TIC 219991742,219991742,96
TIC 219995192,219995192,96
TIC 219995397,219995397,96
TIC 219996701,219996701,96
TIC 219997079,219997079,96
TIC 220017951,220017951,96
TIC 220021405,220021405,96
TIC 220391375,220391375,96
TIC 220391763,220391763,96
TIC 220391773,220391773,96
TIC 220392861,220392861,96
TIC 220393289,220393289,96
TIC 220394730,220394730,96
TIC 220397479,220397479,96
TIC 220397755,220397755,96
TIC 220397769,220397769,96
TIC 220399293,220399293,96
TIC 220403792,220403792,96
TIC 220405602,220405602,96
TIC 220406924,220406924,96
TIC 220409130,220409130,96
TIC 220409133,220409133,96
TIC 220416006,220416006,96
TIC 220417077,220417077,96
TIC 220425934,220425934,96
TIC 220427926,220427926,96
TIC 220429975,220429975,96
TIC 220457469,220457469,96
TIC 220473809,220473809,96
TIC 220476340,220476340,96
TIC 220512955,220512955,96
TIC 220514264,220514264,96
TIC 220516783,220516783,96
TIC 220524851,220524851,96
TIC 220563659,220563659,96
TIC 220563964,220563964,96
TIC 220571983,220571983,96
TIC 220595367,220595367,96
TIC 224224183,224224183,96
TIC 224224681,224224681,96
TIC 224224869,224224869,96
TIC 224225152,224225152,96
TIC 224225541,224225541,96
TIC 224225624,224225624,96
TIC 224244458,224244458,96
TIC 224262823,224262823,96
TIC 224264616,224264616,96
TIC 224264679,224264679,96
TIC 224269420,224269420,96
TIC 224269861,224269861,96
TIC 224270521,224270521,96
TIC 224271611,224271611,96
TIC 224271858,224271858,96
TIC 224272297,224272297,96
TIC 224273389,224273389,96
TIC 224274235,224274235,96
TIC 224275455,224275455,96
TIC 224276047,224276047,96
TIC 224276435,224276435,96
TIC 224278199,224278199,96
TIC 224278523,224278523,96
TIC 224279091,224279091,96
TIC 224279121,224279121,96
TIC 224282828,224282828,96
TIC 224283149,224283149,96
TIC 224284606,224284606,96
TIC 224284988,224284988,96
TIC 228318713,228318713,96
TIC 228381868,228381868,96
TIC 228382044,228382044,96
TIC 228383324,228383324,96
TIC 228383349,228383349,96
TIC 228383432,228383432,96
TIC 228463339,228463339,96
TIC 228463394,228463394,96
TIC 228507229,228507229,96
TIC 228507250,228507250,96
TIC 228508601,228508601,96
TIC 228569748,228569748,96
TIC 228569843,228569843,96
TIC 229012143,229012143,96
TIC 229012518,229012518,96
TIC 229062225,229062225,96
TIC 229062558,229062558,96
TIC 229063316,229063316,96
TIC 229064630,229064630,96
TIC 229065744,229065744,96
TIC 229068123,229068123,96
TIC 229069919,229069919,96
TIC 229070511,229070511,96
TIC 229071102,229071102,96
TIC 229072751,229072751,96
TIC 229073292,229073292,96
TIC 229073820,229073820,96
TIC 229092385,229092385,96
TIC 229092427,229092427,96
TIC 229092982,229092982,96
TIC 229097168,229097168,96
TIC 229097329,229097329,96
TIC 229097662,229097662,96
TIC 229098021,229098021,96
TIC 229104209,229104209,96
TIC 229104558,229104558,96
TIC 229104950,229104950,96
TIC 229112462,229112462,96
TIC 229114879,229114879,96
TIC 229115214,229115214,96
TIC 229117257,229117257,96
TIC 229137615,229137615,96
TIC 229139068,229139068,96
TIC 229141276,229141276,96
TIC 229142326,229142326,96
TIC 229142539,229142539,96
TIC 229142584,229142584,96
TIC 229142860,229142860,96
TIC 229143092,229143092,96
TIC 229145550,229145550,96
TIC 229148496,229148496,96
TIC 229150702,229150702,96
TIC 229152651,229152651,96
TIC 229157898,229157898,96
TIC 229158416,229158416,96
TIC 229158436,229158436,96
TIC 229159785,229159785,96
TIC 229809181,229809181,96
TIC 230980302,230980302,96
TIC 230981234,230981234,96
TIC 230981685,230981685,96
TIC 231004812,231004812,96
TIC 231005004,231005004,96
TIC 231005052,231005052,96
TIC 231005809,231005809,96
TIC 231005905,231005905,96
TIC 231006456,231006456,96
TIC 231009108,231009108,96
TIC 231012247,231012247,96
TIC 231016984,231016984,96
TIC 231018104,231018104,96
TIC 231018111,231018111,96
TIC 231020638,231020638,96
TIC 231020717,231020717,96
TIC 231020924,231020924,96
TIC 231022874,231022874,96
TIC 231044546,231044546,96
TIC 231044648,231044648,96
TIC 231044937,231044937,96
TIC 231046293,231046293,96
TIC 231047205,231047205,96
TIC 231049053,231049053,96
TIC 231049285,231049285,96
TIC 231049572,231049572,96
TIC 231049659,231049659,96
TIC 231049809,231049809,96
TIC 231050794,231050794,96
TIC 231051533,231051533,96
TIC 231053490,231053490,96
TIC 231053750,231053750,96
TIC 231053838,231053838,96
TIC 231056618,231056618,96
TIC 231057293,231057293,96
TIC 231057974,231057974,96
TIC 231061242,231061242,96
TIC 231063955,231063955,96
TIC 231064192,231064192,96
TIC 231064749,231064749,96
TIC 231065398,231065398,96
TIC 231070013,231070013,96
TIC 231070062,231070062,96
TIC 231070206,231070206,96
TIC 231071120,231071120,96
TIC 231071138,231071138,96
TIC 231120243,231120243,96
TIC 231272485,231272485,96
TIC 231272524,231272524,96
TIC 231274592,231274592,96
TIC 231275677,231275677,96
TIC 231277791,231277791,96
TIC 231278060,231278060,96
TIC 231279752,231279752,96
TIC 231279823,231279823,96
TIC 231282037,231282037,96
TIC 231282093,231282093,96
TIC 231284590,231284590,96
TIC 231289326,231289326,96
TIC 231289421,231289421,96
TIC 231289805,231289805,96
TIC 231715033,231715033,96
TIC 231739981,231739981,96
TIC 231826100,231826100,96
TIC 231827796,231827796,96
TIC 231832850,231832850,96
TIC 231834083,231834083,96
TIC 231845488,231845488,96
TIC 231860218,231860218,96
TIC 232071100,232071100,96
TIC 232071384,232071384,96
TIC 232073908,232073908,96
TIC 232077041,232077041,96
TIC 232079930,232079930,96
TIC 232082662,232082662,96
TIC 232083065,232083065,96
TIC 233961205,233961205,96
TIC 233961272,233961272,96
TIC 233963886,233963886,96
TIC 234291108,234291108,96
TIC 234291380,234291380,96
TIC 234297069,234297069,96
TIC 234334377,234334377,96
TIC 234340818,234340818,96
TIC 234521584,234521584,96
TIC 234526887,234526887,96
TIC 237885381,237885381,96
TIC 237906873,237906873,96
TIC 237915523,237915523,96
TIC 237915641,237915641,96
TIC 237918270,237918270,96
TIC 237918271,237918271,96
TIC 237928815,237928815,96
TIC 237930777,237930777,96
TIC 237930915,237930915,96
TIC 237942787,237942787,96
TIC 237946984,237946984,96
TIC 237947691,237947691,96
TIC 237948122,237948122,96
TIC 237948257,237948257,96
TIC 237948810,237948810,96
TIC 237949640,237949640,96
TIC 237951156,237951156,96
TIC 237951385,237951385,96
TIC 237955524,237955524,96
TIC 237956133,237956133,96
TIC 237957777,237957777,96
TIC 237969662,237969662,96
TIC 237969900,237969900,96
TIC 237971352,237971352,96
TIC 237978460,237978460,96
TIC 237984546,237984546,96
TIC 238001475,238001475,96
TIC 238004158,238004158,96
TIC 238004786,238004786,96
TIC 238005553,238005553,96
TIC 238005820,238005820,96
TIC 238006200,238006200,96
TIC 238010084,238010084,96
TIC 238011052,238011052,96
TIC 238016755,238016755,96
TIC 238018529,238018529,96
TIC 238018633,238018633,96
TIC 238019887,238019887,96
TIC 238028383,238028383,96
TIC 238029239,238029239,96
TIC 238034693,238034693,96
TIC 238036031,238036031,96
TIC 238036584,238036584,96
TIC 238037622,238037622,96
TIC 238037707,238037707,96
TIC 238038372,238038372,96
TIC 238059180,238059180,96
TIC 238059286,238059286,96
TIC 238069161,238069161,96
TIC 238069203,238069203,96
TIC 238069953,238069953,96
TIC 238078106,238078106,96
TIC 238079902,238079902,96
TIC 238080589,238080589,96
TIC 238090495,238090495,96
TIC 238091678,238091678,96
TIC 238120900,238120900,96
TIC 238132897,238132897,96
TIC 238166506,238166506,96
TIC 238181271,238181271,96
TIC 238191506,238191506,96
TIC 238193289,238193289,96
TIC 238202049,238202049,96
TIC 238877566,238877566,96
TIC 238892189,238892189,96
TIC 238893008,238893008,96
TIC 240715874,240715874,96
TIC 240812152,240812152,96
TIC 240849748,240849748,96
TIC 246819855,246819855,96
TIC 246820964,246820964,96
TIC 246821124,246821124,96
TIC 246821917,246821917,96
TIC 246822536,246822536,96
TIC 246823129,246823129,96
TIC 246844860,246844860,96
TIC 246845199,246845199,96
TIC 246846390,246846390,96
TIC 246847023,246847023,96
TIC 246848540,246848540,96
TIC 246851137,246851137,96
TIC 246853154,246853154,96
TIC 246854655,246854655,96
TIC 246858849,246858849,96
TIC 246860707,246860707,96
TIC 246860755,246860755,96
TIC 251821926,251821926,96
TIC 251822532,251822532,96
TIC 251823106,251823106,96
TIC 251823163,251823163,96
TIC 251824177,251824177,96
TIC 251824588,251824588,96
TIC 251827934,251827934,96
TIC 251828017,251828017,96
TIC 251828366,251828366,96
TIC 251829116,251829116,96
TIC 251829136,251829136,96
TIC 251829761,251829761,96
TIC 251839801,251839801,96
TIC 251840842,251840842,96
TIC 251841753,251841753,96
TIC 251841935,251841935,96
TIC 251842030,251842030,96
TIC 251842338,251842338,96
TIC 251845233,251845233,96
TIC 251846450,251846450,96
TIC 251847234,251847234,96
TIC 251847688,251847688,96
TIC 251848046,251848046,96
TIC 251848434,251848434,96
TIC 251848475,251848475,96
TIC 251848589,251848589,96
TIC 251849245,251849245,96
TIC 251850724,251850724,96
TIC 251851759,251851759,96
TIC 251852342,251852342,96
TIC 251852984,251852984,96
TIC 251853305,251853305,96
TIC 251853890,251853890,96
TIC 251854070,251854070,96
TIC 251854607,251854607,96
TIC 251854659,251854659,96
TIC 251854734,251854734,96
TIC 251855940,251855940,96
TIC 251857373,251857373,96
TIC 251857976,251857976,96
TIC 251858100,251858100,96
TIC 251858916,251858916,96
TIC 251858966,251858966,96
TIC 251859233,251859233,96
TIC 251875080,251875080,96
TIC 251875388,251875388,96
TIC 251875565,251875565,96
TIC 251875733,251875733,96
TIC 251876650,251876650,96
TIC 251876821,251876821,96
TIC 251877744,251877744,96
TIC 251877793,251877793,96
TIC 251878904,251878904,96
TIC 251879118,251879118,96
TIC 251879165,251879165,96
TIC 251879735,251879735,96
TIC 251880902,251880902,96
TIC 251881167,251881167,96
TIC 251883048,251883048,96
TIC 251883728,251883728,96
TIC 251884983,251884983,96
TIC 251885542,251885542,96
TIC 251885936,251885936,96
TIC 253912611,253912611,96
TIC 253926997,253926997,96
TIC 253931508,253931508,96
TIC 253931784,253931784,96
TIC 253934773,253934773,96
TIC 253934781,253934781,96
TIC 253934960,253934960,96
TIC 253936463,253936463,96
TIC 254287117,254287117,96
TIC 254287339,254287339,96
TIC 254288900,254288900,96
TIC 254289060,254289060,96
TIC 254290484,254290484,96
TIC 254290911,254290911,96
TIC 254290917,254290917,96
TIC 254291412,254291412,96
TIC 254291915,254291915,96
TIC 254293054,254293054,96
TIC 254294517,254294517,96
TIC 254295488,254295488,96
TIC 254295685,254295685,96
TIC 254295795,254295795,96
TIC 254296688,254296688,96
TIC 254296853,254296853,96
TIC 254298880,254298880,96
TIC 254299010,254299010,96
TIC 254299169,254299169,96
TIC 254299235,254299235,96
TIC 254299351,254299351,96
TIC 254299500,254299500,96
TIC 254300583,254300583,96
TIC 254300648,254300648,96
TIC 254301731,254301731,96
TIC 255558852,255558852,96
TIC 255616848,255616848,96
TIC 255630992,255630992,96
TIC 255633362,255633362,96
TIC 255637617,255637617,96
TIC 255640745,255640745,96
TIC 255687507,255687507,96
TIC 255687874,255687874,96
TIC 255744389,255744389,96
TIC 255744433,255744433,96
TIC 255757558,255757558,96
TIC 255760894,255760894,96
TIC 255784686,255784686,96
TIC 257736157,257736157,96
TIC 260041614,260041614,96
TIC 260043545,260043545,96
TIC 260043631,260043631,96
TIC 260076761,260076761,96
TIC 260300975,260300975,96
TIC 260420870,260420870,96
TIC 260608983,260608983,96
TIC 260708677,260708677,96
TIC 260708808,260708808,96
TIC 262038915,262038915,96
TIC 262039241,262039241,96
TIC 262039948,262039948,96
TIC 262040634,262040634,96
TIC 262105959,262105959,96
TIC 262106555,262106555,96
TIC 262107856,262107856,96
TIC 262111977,262111977,96
TIC 262496726,262496726,96
TIC 262547343,262547343,96
TIC 262548040,262548040,96
TIC 262842363,262842363,96
TIC 270167952,270167952,96
TIC 270187068,270187068,96
TIC 270187694,270187694,96
TIC 270218775,270218775,96
TIC 270259954,270259954,96
TIC 270268773,270268773,96
TIC 270269435,270269435,96
TIC 270358249,270358249,96
TIC 270376126,270376126,96
TIC 270377644,270377644,96
TIC 270377675,270377675,96
TIC 270377759,270377759,96
TIC 270377858,270377858,96
TIC 270377865,270377865,96
TIC 270377986,270377986,96
TIC 270378373,270378373,96
TIC 270409882,270409882,96
TIC 270410795,270410795,96
TIC 270411008,270411008,96
TIC 270411480,270411480,96
TIC 270421615,270421615,96
TIC 270423262,270423262,96
TIC 270458895,270458895,96
TIC 270459043,270459043,96
TIC 270460777,270460777,96
TIC 270461092,270461092,96
TIC 270481317,270481317,96
TIC 270481324,270481324,96
TIC 270481449,270481449,96
TIC 270481479,270481479,96
TIC 270481493,270481493,96
TIC 270481524,270481524,96
TIC 270481537,270481537,96
TIC 270578150,270578150,96
TIC 270621612,270621612,96
TIC 270622440,270622440,96
TIC 270622446,270622446,96
TIC 270653253,270653253,96
TIC 270653417,270653417,96
TIC 270653912,270653912,96
TIC 271574801,271574801,96
TIC 271639967,271639967,96
TIC 271696495,271696495,96
TIC 271725271,271725271,96
TIC 271795339,271795339,96
TIC 271893643,271893643,96
TIC 272004643,272004643,96
TIC 272321433,272321433,96
TIC 272356585,272356585,96
TIC 272468672,272468672,96
TIC 272468689,272468689,96
TIC 272468825,272468825,96
TIC 272469224,272469224,96
TIC 272469365,272469365,96
TIC 272548111,272548111,96
TIC 272548575,272548575,96
TIC 272548843,272548843,96
TIC 272548900,272548900,96
TIC 273651239,273651239,96
TIC 273792220,273792220,96
TIC 273847957,273847957,96
TIC 273863107,273863107,96
TIC 274016986,274016986,96
TIC 274017080,274017080,96
TIC 279052228,279052228,96
TIC 279056688,279056688,96
TIC 279213272,279213272,96
TIC 279214471,279214471,96
TIC 279216555,279216555,96
TIC 279248584,279248584,96
TIC 279318397,279318397,96
TIC 279320615,279320615,96
TIC 279360364,279360364,96
TIC 279575230,279575230,96
TIC 279575424,279575424,96
TIC 279675063,279675063,96
TIC 279949020,279949020,96
TIC 280050583,280050583,96
TIC 280052690,280052690,96
TIC 280095731,280095731,96
TIC 280096105,280096105,96
TIC 280802597,280802597,96
TIC 280803258,280803258,96
TIC 280803672,280803672,96
TIC 281497674,281497674,96
TIC 281498595,281498595,96
TIC 281498762,281498762,96
TIC 281541920,281541920,96
TIC 281542064,281542064,96
TIC 281543036,281543036,96
TIC 281562299,281562299,96
TIC 281562462,281562462,96
TIC 281574678,281574678,96
TIC 281581626,281581626,96
TIC 281594636,281594636,96
TIC 281597433,281597433,96
TIC 281597965,281597965,96
TIC 281637751,281637751,96
TIC 281638019,281638019,96
TIC 281638182,281638182,96
TIC 281657640,281657640,96
TIC 281667996,281667996,96
TIC 281668790,281668790,96
TIC 281668854,281668854,96
TIC 281669973,281669973,96
TIC 281670786,281670786,96
TIC 281728376,281728376,96
TIC 281739765,281739765,96
TIC 281741309,281741309,96
TIC 281764416,281764416,96
TIC 281780275,281780275,96
TIC 281787015,281787015,96
TIC 281851153,281851153,96
TIC 284288093,284288093,96
TIC 284288207,284288207,96
TIC 287272642,287272642,96
TIC 287273752,287273752,96
TIC 287428978,287428978,96
TIC 287429135,287429135,96
TIC 291210674,291210674,96
TIC 291243532,291243532,96
TIC 293162450,293162450,96
TIC 293164200,293164200,96
TIC 293164462,293164462,96
TIC 293165226,293165226,96
TIC 293218068,293218068,96
TIC 293218142,293218142,96
TIC 293347787,293347787,96
TIC 293968698,293968698,96
TIC 293969029,293969029,96
TIC 293973520,293973520,96
TIC 294048384,294048384,96
TIC 294157254,294157254,96
TIC 294204689,294204689,96
TIC 294208320,294208320,96
TIC 294274870,294274870,96
TIC 294391198,294391198,96
TIC 294392274,294392274,96
TIC 294398994,294398994,96
TIC 299832546,299832546,96
TIC 299833107,299833107,96
TIC 300085086,300085086,96
TIC 300086280,300086280,96
TIC 300137617,300137617,96
TIC 300141193,300141193,96
TIC 300325356,300325356,96
TIC 300379990,300379990,96
TIC 300384329,300384329,96
TIC 300446031,300446031,96
TIC 300656496,300656496,96
TIC 300656584,300656584,96
TIC 300704368,300704368,96
TIC 300869037,300869037,96
TIC 300869943,300869943,96
TIC 300933518,300933518,96
TIC 301867133,301867133,96
TIC 301867609,301867609,96
TIC 302003748,302003748,96
TIC 302005145,302005145,96
TIC 302134176,302134176,96
TIC 302134539,302134539,96
TIC 302216177,302216177,96
TIC 303050372,303050372,96
TIC 303050425,303050425,96
TIC 303317035,303317035,96
TIC 303317324,303317324,96
TIC 303584701,303584701,96
TIC 303586471,303586471,96
TIC 303821424,303821424,96
TIC 303821504,303821504,96
TIC 303821607,303821607,96
TIC 303910545,303910545,96
TIC 303953079,303953079,96
TIC 304031808,304031808,96
TIC 304389141,304389141,96
TIC 304389446,304389446,96
TIC 304391913,304391913,96
TIC 304392811,304392811,96
TIC 304697653,304697653,96
TIC 304698855,304698855,96
TIC 305044877,305044877,96
TIC 305048087,305048087,96
TIC 306469832,306469832,96
TIC 306634577,306634577,96
TIC 306668068,306668068,96
TIC 306668667,306668667,96
TIC 306668692,306668692,96
TIC 306669564,306669564,96
TIC 306669607,306669607,96
TIC 306670429,306670429,96
TIC 306670604,306670604,96
TIC 306670864,306670864,96
TIC 306739391,306739391,96
TIC 306739440,306739440,96
TIC 306739463,306739463,96
TIC 306739511,306739511,96
TIC 306739537,306739537,96
TIC 306739737,306739737,96
TIC 306739755,306739755,96
TIC 306740183,306740183,96
TIC 306741844,306741844,96
TIC 306741882,306741882,96
TIC 306742001,306742001,96
TIC 306771178,306771178,96
TIC 306777860,306777860,96
TIC 306778001,306778001,96
TIC 306778534,306778534,96
TIC 306779124,306779124,96
TIC 306779230,306779230,96
TIC 306823515,306823515,96
TIC 306824150,306824150,96
TIC 306824236,306824236,96
TIC 306824672,306824672,96
TIC 306825549,306825549,96
TIC 306827286,306827286,96
TIC 306829151,306829151,96
TIC 306829961,306829961,96
TIC 306830024,306830024,96
TIC 306830115,306830115,96
TIC 306830299,306830299,96
TIC 306893555,306893555,96
TIC 306893753,306893753,96
TIC 306893990,306893990,96
TIC 306894095,306894095,96
TIC 306895365,306895365,96
TIC 306895522,306895522,96
TIC 306896028,306896028,96
TIC 306896251,306896251,96
TIC 306896831,306896831,96
TIC 306898162,306898162,96
TIC 306898941,306898941,96
TIC 306927574,306927574,96
TIC 306928424,306928424,96
TIC 306928502,306928502,96
TIC 306931200,306931200,96
TIC 306931346,306931346,96
TIC 306931401,306931401,96
TIC 306931668,306931668,96
TIC 306931685,306931685,96
TIC 306932279,306932279,96
TIC 306933992,306933992,96
TIC 306934657,306934657,96
TIC 307031171,307031171,96
TIC 307031724,307031724,96
TIC 307032090,307032090,96
TIC 307084982,307084982,96
TIC 307085549,307085549,96
TIC 307087370,307087370,96
TIC 307087642,307087642,96
TIC 307091504,307091504,96
TIC 307157616,307157616,96
TIC 307158170,307158170,96
TIC 307158324,307158324,96
TIC 307159162,307159162,96
TIC 307160124,307160124,96
TIC 307160287,307160287,96
TIC 307162587,307162587,96
TIC 307162980,307162980,96
TIC 307164125,307164125,96
TIC 307210388,307210388,96
TIC 307210830,307210830,96
TIC 307210868,307210868,96
TIC 307211557,307211557,96
TIC 307212111,307212111,96
TIC 307212227,307212227,96
TIC 307214617,307214617,96
TIC 307216507,307216507,96
TIC 307216760,307216760,96
TIC 307216840,307216840,96
TIC 307218050,307218050,96
TIC 307218185,307218185,96
TIC 307284756,307284756,96
TIC 307286099,307286099,96
TIC 307286216,307286216,96
TIC 307290964,307290964,96
TIC 307291318,307291318,96
TIC 307363368,307363368,96
TIC 307365328,307365328,96
TIC 307365390,307365390,96
TIC 307366709,307366709,96
TIC 307367073,307367073,96
TIC 307432660,307432660,96
TIC 307433122,307433122,96
TIC 307433369,307433369,96
TIC 307433440,307433440,96
TIC 307434940,307434940,96
TIC 307435644,307435644,96
TIC 307435661,307435661,96
TIC 307436242,307436242,96
TIC 307438092,307438092,96
TIC 307438562,307438562,96
TIC 307440881,307440881,96
TIC 307441274,307441274,96
TIC 307488184,307488184,96
TIC 307490251,307490251,96
TIC 307490261,307490261,96
TIC 307569010,307569010,96
TIC 307573424,307573424,96
TIC 307573730,307573730,96
TIC 307633699,307633699,96
TIC 307644031,307644031,96
TIC 307716123,307716123,96
TIC 307780535,307780535,96
TIC 307849973,307849973,96
TIC 307851480,307851480,96
TIC 307852938,307852938,96
TIC 307853178,307853178,96
TIC 307921974,307921974,96
TIC 307928254,307928254,96
TIC 307928622,307928622,96
TIC 308079677,308079677,96
TIC 308147425,308147425,96
TIC 308151043,308151043,96
TIC 308152950,308152950,96
TIC 308183430,308183430,96
TIC 308208458,308208458,96
TIC 308208519,308208519,96
TIC 308208616,308208616,96
TIC 308209064,308209064,96
TIC 308209261,308209261,96
TIC 308209899,308209899,96
TIC 308451318,308451318,96
TIC 308452734,308452734,96
TIC 309254930,309254930,96
TIC 309299238,309299238,96
TIC 309401053,309401053,96
TIC 309401404,309401404,96
TIC 309401689,309401689,96
TIC 309402106,309402106,96
TIC 309402974,309402974,96
TIC 309476845,309476845,96
TIC 309716846,309716846,96
TIC 309757034,309757034,96
TIC 309779168,309779168,96
TIC 309854901,309854901,96
TIC 309855268,309855268,96
TIC 309857585,309857585,96
TIC 310306741,310306741,96
TIC 310307848,310307848,96
TIC 310478036,310478036,96
TIC 311056558,311056558,96
TIC 311085189,311085189,96
TIC 311086350,311086350,96
TIC 311086367,311086367,96
TIC 311086888,311086888,96
TIC 311091230,311091230,96
TIC 311091416,311091416,96
TIC 313888390,313888390,96
TIC 313888405,313888405,96
TIC 313888464,313888464,96
TIC 313888498,313888498,96
TIC 313888540,313888540,96
TIC 313889049,313889049,96
TIC 313889318,313889318,96
TIC 313890506,313890506,96
TIC 313890514,313890514,96
TIC 313890683,313890683,96
TIC 313890897,313890897,96
TIC 313890987,313890987,96
TIC 313891046,313891046,96
TIC 313891048,313891048,96
TIC 313891057,313891057,96
TIC 313891084,313891084,96
TIC 313891135,313891135,96
TIC 313891151,313891151,96
TIC 313891175,313891175,96
TIC 313891189,313891189,96
TIC 313891238,313891238,96
TIC 313891494,313891494,96
TIC 313891529,313891529,96
TIC 313932570,313932570,96
TIC 313933575,313933575,96
TIC 313933968,313933968,96
TIC 313934016,313934016,96
TIC 313934029,313934029,96
TIC 313934034,313934034,96
TIC 313934037,313934037,96
TIC 313934052,313934052,96
TIC 313934071,313934071,96
TIC 313934081,313934081,96
TIC 313934087,313934087,96
TIC 313934106,313934106,96
TIC 313934111,313934111,96
TIC 313934115,313934115,96
TIC 313934119,313934119,96
TIC 313934153,313934153,96
TIC 313934154,313934154,96
TIC 313934178,313934178,96
TIC 313934195,313934195,96
TIC 313934199,313934199,96
TIC 313934213,313934213,96
TIC 313934215,313934215,96
TIC 313934217,313934217,96
TIC 313934225,313934225,96
TIC 313934227,313934227,96
TIC 313934228,313934228,96
TIC 313934240,313934240,96
TIC 313934242,313934242,96
TIC 313934246,313934246,96
TIC 313934267,313934267,96
TIC 313934275,313934275,96
TIC 313934283,313934283,96
TIC 313934285,313934285,96
TIC 313934291,313934291,96
TIC 313934313,313934313,96
TIC 313934399,313934399,96
TIC 313934428,313934428,96
TIC 313935203,313935203,96
TIC 313936313,313936313,96
TIC 314017939,314017939,96
TIC 316769613,316769613,96
TIC 316769815,316769815,96
TIC 316769993,316769993,96
TIC 316770606,316770606,96
TIC 316781121,316781121,96
TIC 316805379,316805379,96
TIC 316806062,316806062,96
TIC 316806951,316806951,96
TIC 319258134,319258134,96
TIC 319433337,319433337,96
TIC 319433485,319433485,96
TIC 319439063,319439063,96
TIC 319466859,319466859,96
TIC 319473643,319473643,96
TIC 319477742,319477742,96
TIC 319558212,319558212,96
TIC 319561323,319561323,96
TIC 319609219,319609219,96
TIC 319610317,319610317,96
TIC 319610598,319610598,96
TIC 321908598,321908598,96
TIC 321908619,321908619,96
TIC 321928856,321928856,96
TIC 322008555,322008555,96
TIC 322009500,322009500,96
TIC 322009509,322009509,96
TIC 322010772,322010772,96
TIC 322048605,322048605,96
TIC 322050716,322050716,96
TIC 322052313,322052313,96
TIC 322052999,322052999,96
TIC 322053193,322053193,96
TIC 322053216,322053216,96
TIC 322064320,322064320,96
TIC 322074689,322074689,96
TIC 326451898,326451898,96
TIC 326453105,326453105,96
TIC 326476444,326476444,96
TIC 326477466,326477466,96
TIC 326479002,326479002,96
TIC 326481406,326481406,96
TIC 326481667,326481667,96
TIC 326522874,326522874,96
TIC 326525033,326525033,96
TIC 326525772,326525772,96
TIC 326526340,326526340,96
TIC 326527284,326527284,96
TIC 326550843,326550843,96
TIC 326550998,326550998,96
TIC 327994213,327994213,96
TIC 327994712,327994712,96
TIC 327995822,327995822,96
TIC 327995823,327995823,96
TIC 327995932,327995932,96
TIC 327995941,327995941,96
TIC 327995945,327995945,96
TIC 327995979,327995979,96
TIC 327996008,327996008,96
TIC 327996019,327996019,96
TIC 327996089,327996089,96
TIC 327996092,327996092,96
TIC 327996093,327996093,96
TIC 327996110,327996110,96
TIC 327996116,327996116,96
TIC 327996147,327996147,96
TIC 328010691,328010691,96
TIC 328010775,328010775,96
TIC 332486480,332486480,96
TIC 332517364,332517364,96
TIC 339607562,339607562,96
TIC 339607677,339607677,96
TIC 339961460,339961460,96
TIC 340704177,340704177,96
TIC 348841148,348841148,96
TIC 348997657,348997657,96
TIC 349056751,349056751,96
TIC 349060921,349060921,96
TIC 349154756,349154756,96
TIC 349369073,349369073,96
TIC 349481767,349481767,96
TIC 349574401,349574401,96
TIC 349646087,349646087,96
TIC 349787593,349787593,96
TIC 350094385,350094385,96
TIC 350298381,350298381,96
TIC 350298766,350298766,96
TIC 350346257,350346257,96
TIC 350430485,350430485,96
TIC 350446970,350446970,96
TIC 350520038,350520038,96
TIC 350740417,350740417,96
TIC 350740890,350740890,96
TIC 350743148,350743148,96
TIC 350744866,350744866,96
TIC 354604743,354604743,96
TIC 354605037,354605037,96
TIC 354606558,354606558,96
TIC 354654467,354654467,96
TIC 354671857,354671857,96
TIC 355002205,355002205,96
TIC 355152640,355152640,96
TIC 355152971,355152971,96
TIC 355367036,355367036,96
TIC 355379702,355379702,96
TIC 355426425,355426425,96
TIC 355426648,355426648,96
TIC 355477401,355477401,96
TIC 355492824,355492824,96
TIC 355494310,355494310,96
TIC 355508301,355508301,96
TIC 355509477,355509477,96
TIC 355636490,355636490,96
TIC 355704066,355704066,96
TIC 355787493,355787493,96
TIC 355788466,355788466,96
TIC 358048932,358048932,96
TIC 358232450,358232450,96
TIC 358232989,358232989,96
TIC 358247398,358247398,96
TIC 358247592,358247592,96
TIC 358248442,358248442,96
TIC 358249395,358249395,96
TIC 358252947,358252947,96
TIC 358253047,358253047,96
TIC 358253803,358253803,96
TIC 358290432,358290432,96
TIC 358290716,358290716,96
TIC 358290717,358290717,96
TIC 358402888,358402888,96
TIC 358457685,358457685,96
TIC 358464131,358464131,96
TIC 358512601,358512601,96
TIC 358579111,358579111,96
TIC 364247127,364247127,96
TIC 364264531,364264531,96
TIC 364265585,364265585,96
TIC 364265848,364265848,96
TIC 364265913,364265913,96
TIC 364328137,364328137,96
TIC 364328161,364328161,96
TIC 364423278,364423278,96
TIC 369335333,369335333,96
TIC 369336146,369336146,96
TIC 369397090,369397090,96
TIC 369397242,369397242,96
TIC 369604133,369604133,96
TIC 369611597,369611597,96
TIC 369614946,369614946,96
TIC 369642765,369642765,96
TIC 369665399,369665399,96
TIC 369666165,369666165,96
TIC 369988770,369988770,96
TIC 370037586,370037586,96
TIC 370105546,370105546,96
TIC 372817060,372817060,96
TIC 372818426,372818426,96
TIC 372848247,372848247,96
TIC 372848262,372848262,96
TIC 372848396,372848396,96
TIC 374858517,374858517,96
TIC 374858703,374858703,96
TIC 374942490,374942490,96
TIC 375057783,375057783,96
TIC 375151698,375151698,96
TIC 380824781,380824781,96
TIC 380826878,380826878,96
TIC 380827754,380827754,96
TIC 380859028,380859028,96
TIC 380859655,380859655,96
TIC 380859663,380859663,96
TIC 380859887,380859887,96
TIC 381205906,381205906,96
TIC 381205959,381205959,96
TIC 381950575,381950575,96
TIC 381979858,381979858,96
TIC 382031270,382031270,96
TIC 382068846,382068846,96
TIC 382199321,382199321,96
TIC 382199819,382199819,96
TIC 382200770,382200770,96
TIC 382419215,382419215,96
TIC 382419353,382419353,96
TIC 382419388,382419388,96
TIC 382422923,382422923,96
TIC 382424067,382424067,96
TIC 382474477,382474477,96
TIC 382522292,382522292,96
TIC 382524849,382524849,96
TIC 382525675,382525675,96
TIC 382551191,382551191,96
TIC 382552502,382552502,96
TIC 382578632,382578632,96
TIC 382582504,382582504,96
TIC 382582555,382582555,96
TIC 382602385,382602385,96
TIC 382604316,382604316,96
TIC 388105881,388105881,96
TIC 388106442,388106442,96
TIC 388106453,388106453,96
TIC 388129500,388129500,96
TIC 389565293,389565293,96
TIC 389568754,389568754,96
TIC 389628338,389628338,96
TIC 389674742,389674742,96
TIC 389728618,389728618,96
TIC 389751797,389751797,96
TIC 389757979,389757979,96
TIC 391891235,391891235,96
TIC 391922780,391922780,96
TIC 393490554,393490554,96
TIC 393491428,393491428,96
TIC 393491690,393491690,96
TIC 393491941,393491941,96
TIC 393492274,393492274,96
TIC 393907378,393907378,96
TIC 393943120,393943120,96
TIC 393950079,393950079,96
TIC 393962389,393962389,96
TIC 393962765,393962765,96
TIC 393963814,393963814,96
TIC 393964361,393964361,96
TIC 393964386,393964386,96
TIC 396695402,396695402,96
TIC 396696863,396696863,96
TIC 396697122,396697122,96
TIC 396697741,396697741,96
TIC 396697919,396697919,96
TIC 396720293,396720293,96
TIC 396721448,396721448,96
TIC 396722019,396722019,96
TIC 396722785,396722785,96
TIC 396722918,396722918,96
TIC 396723346,396723346,96
TIC 399570361,399570361,96
TIC 399570848,399570848,96
TIC 399571137,399571137,96
TIC 399571720,399571720,96
TIC 399571743,399571743,96
TIC 399571813,399571813,96
TIC 399572343,399572343,96
TIC 399577160,399577160,96
TIC 401837776,401837776,96
TIC 401838575,401838575,96
TIC 401867535,401867535,96
TIC 401986701,401986701,96
TIC 402026857,402026857,96
TIC 402028045,402028045,96
TIC 402048983,402048983,96
TIC 402063459,402063459,96
TIC 402112509,402112509,96
TIC 402293570,402293570,96
TIC 402311788,402311788,96
TIC 402313179,402313179,96
TIC 402317981,402317981,96
TIC 402319143,402319143,96
TIC 402319411,402319411,96
TIC 402319657,402319657,96
TIC 402324258,402324258,96
TIC 402324884,402324884,96
TIC 402339032,402339032,96
TIC 402339590,402339590,96
TIC 402341120,402341120,96
TIC 402341182,402341182,96
TIC 406404216,406404216,96
TIC 406404942,406404942,96
TIC 406406121,406406121,96
TIC 409135901,409135901,96
TIC 410486537,410486537,96
TIC 415969908,415969908,96
TIC 415970010,415970010,96
TIC 415970660,415970660,96
TIC 419008564,419008564,96
TIC 419009575,419009575,96
TIC 419009708,419009708,96
TIC 419010038,419010038,96
TIC 419010997,419010997,96
TIC 419011435,419011435,96
TIC 419012256,419012256,96
TIC 421977095,421977095,96
TIC 423611778,423611778,96
TIC 425905787,425905787,96
TIC 425907650,425907650,96
TIC 425933432,425933432,96
TIC 425975442,425975442,96
TIC 426014731,426014731,96
TIC 434096460,434096460,96
TIC 434097052,434097052,96
TIC 434099579,434099579,96
TIC 434100728,434100728,96
TIC 434101713,434101713,96
TIC 434103018,434103018,96
TIC 434103318,434103318,96
TIC 434103922,434103922,96
TIC 434104616,434104616,96
TIC 434104619,434104619,96
TIC 434105094,434105094,96
TIC 434105148,434105148,96
TIC 434105231,434105231,96
TIC 434105262,434105262,96
TIC 434105354,434105354,96
TIC 434105513,434105513,96
TIC 434106275,434106275,96
TIC 434106492,434106492,96
TIC 434109269,434109269,96
TIC 434109660,434109660,96
TIC 434110695,434110695,96
TIC 434111018,434111018,96
TIC 441053433,441053433,96
TIC 441056242,441056242,96
TIC 441075859,441075859,96
TIC 441194883,441194883,96
TIC 441200324,441200324,96
TIC 441202758,441202758,96
TIC 441203057,441203057,96
TIC 441205252,441205252,96
TIC 441206200,441206200,96
TIC 441461100,441461100,96
TIC 441461124,441461124,96
TIC 441462736,441462736,96
TIC 441462882,441462882,96
TIC 441462912,441462912,96
TIC 441462925,441462925,96
TIC 441463009,441463009,96
TIC 441463573,441463573,96
TIC 441463583,441463583,96
TIC 441463619,441463619,96
TIC 441463668,441463668,96
TIC 441464221,441464221,96
TIC 441465115,441465115,96
TIC 441465312,441465312,96
TIC 441465657,441465657,96
TIC 441465674,441465674,96
TIC 441465686,441465686,96
TIC 441465696,441465696,96
TIC 441466242,441466242,96
TIC 441466263,441466263,96
TIC 441466268,441466268,96
TIC 441466368,441466368,96
TIC 441466487,441466487,96
TIC 441467344,441467344,96
TIC 441468339,441468339,96
TIC 441468378,441468378,96
TIC 441468389,441468389,96
TIC 441468392,441468392,96
TIC 441468402,441468402,96
TIC 441469059,441469059,96
TIC 441469098,441469098,96
TIC 441469370,441469370,96
TIC 441469541,441469541,96
TIC 441469568,441469568,96
TIC 441490795,441490795,96
TIC 444152574,444152574,96
TIC 444155146,444155146,96
TIC 444155265,444155265,96
TIC 444155408,444155408,96
TIC 444165849,444165849,96
TIC 452378448,452378448,96
TIC 469916956,469916956,96
TIC 469933293,469933293,96
TIC 469936909,469936909,96
TIC 469937378,469937378,96
TIC 469942228,469942228,96
TIC 469947154,469947154,96
TIC 469948764,469948764,96
TIC 469970997,469970997,96
TIC 471012285,471012285,96
TIC 471013491,471013491,96
TIC 471013648,471013648,96
TIC 471013664,471013664,96
TIC 471013668,471013668,96
TIC 471013672,471013672,96
TIC 471013674,471013674,96
TIC 471013681,471013681,96
TIC 471013788,471013788,96
TIC 471014074,471014074,96
TIC 471014372,471014372,96
TIC 471015266,471015266,96
TIC 471015275,471015275,96
TIC 471015422,471015422,96
TIC 471015435,471015435,96
TIC 471015557,471015557,96
TIC 471016215,471016215,96
TIC 609894931,609894931,96
TIC 609895740,609895740,96
TIC 609899331,609899331,96
TIC 609903380,609903380,96
TIC 609904086,609904086,96
TIC 609907310,609907310,96
TIC 609909268,609909268,96
TIC 609910822,609910822,96
TIC 609913277,609913277,96
TIC 609915074,609915074,96
TIC 609916787,609916787,96
TIC 609918470,609918470,96
TIC 609922113,609922113,96
TIC 609922979,609922979,96
TIC 609924212,609924212,96
TIC 609933957,609933957,96
TIC 609935600,609935600,96
TIC 609937701,609937701,96
TIC 609938473,609938473,96
TIC 609943390,609943390,96
TIC 609947637,609947637,96
TIC 609950411,609950411,96
TIC 609950579,609950579,96
TIC 609951179,609951179,96
TIC 609951830,609951830,96
TIC 609955772,609955772,96
TIC 609967093,609967093,96
TIC 609975136,609975136,96
TIC 609976523,609976523,96
TIC 609978414,609978414,96
TIC 609980695,609980695,96
TIC 609983277,609983277,96
TIC 609984819,609984819,96
TIC 609986792,609986792,96
TIC 609986808,609986808,96
TIC 609989116,609989116,96
TIC 609991650,609991650,96
TIC 609994887,609994887,96
TIC 609995430,609995430,96
TIC 609996294,609996294,96
TIC 609996437,609996437,96
TIC 609998123,609998123,96
TIC 610005863,610005863,96
TIC 610008420,610008420,96
TIC 610010083,610010083,96
TIC 610012945,610012945,96
TIC 610027054,610027054,96
TIC 610027921,610027921,96
TIC 610030226,610030226,96
TIC 610035827,610035827,96
TIC 610037651,610037651,96
TIC 610040718,610040718,96
TIC 610042119,610042119,96
TIC 610043559,610043559,96
TIC 610047068,610047068,96
TIC 615314016,615314016,96
TIC 615565232,615565232,96
TIC 615608655,615608655,96
TIC 615724496,615724496,96
TIC 615734445,615734445,96
TIC 615743478,615743478,96
TIC 615812709,615812709,96
TIC 615830191,615830191,96
TIC 615835304,615835304,96
TIC 615863261,615863261,96
TIC 615982977,615982977,96
TIC 616021528,616021528,96
TIC 616023177,616023177,96
TIC 616044320,616044320,96
TIC 616048678,616048678,96
TIC 616063193,616063193,96
TIC 616068186,616068186,96
TIC 616080202,616080202,96
TIC 616083206,616083206,96
TIC 616086984,616086984,96
TIC 616111612,616111612,96
TIC 616124768,616124768,96
TIC 616125338,616125338,96
TIC 616127903,616127903,96
TIC 616135665,616135665,96
TIC 616140443,616140443,96
TIC 616150270,616150270,96
TIC 616155806,616155806,96
TIC 616160526,616160526,96
TIC 616163566,616163566,96
TIC 616163655,616163655,96
TIC 616164061,616164061,96
TIC 616168613,616168613,96
TIC 616173416,616173416,96
TIC 616177970,616177970,96
TIC 616180452,616180452,96
TIC 616187504,616187504,96
TIC 616187560,616187560,96
TIC 616187938,616187938,96
TIC 616187941,616187941,96
TIC 616191487,616191487,96
TIC 616191769,616191769,96
TIC 616194481,616194481,96
TIC 616198292,616198292,96
TIC 616198336,616198336,96
TIC 616204939,616204939,96
TIC 616205743,616205743,96
TIC 616210592,616210592,96
TIC 616211357,616211357,96
TIC 616214932,616214932,96
TIC 616215479,616215479,96
TIC 616222897,616222897,96
TIC 616227261,616227261,96
TIC 616228836,616228836,96
TIC 616231715,616231715,96
TIC 616240655,616240655,96
TIC 616249801,616249801,96
TIC 616251265,616251265,96
TIC 616255519,616255519,96
TIC 616265126,616265126,96
TIC 616266851,616266851,96
TIC 616271671,616271671,96
TIC 616271851,616271851,96
TIC 616274494,616274494,96
TIC 616276714,616276714,96
TIC 616278579,616278579,96
TIC 616284682,616284682,96
TIC 616286656,616286656,96
TIC 616309411,616309411,96
TIC 616311417,616311417,96
TIC 616313774,616313774,96
TIC 616314079,616314079,96
TIC 616321746,616321746,96
TIC 616327387,616327387,96
TIC 616327697,616327697,96
TIC 616334607,616334607,96
TIC 616342820,616342820,96
TIC 616345402,616345402,96
TIC 616346359,616346359,96
TIC 616346422,616346422,96
TIC 616349246,616349246,96
TIC 616350112,616350112,96
TIC 616350484,616350484,96
TIC 616352716,616352716,96
TIC 616353487,616353487,96
TIC 616360655,616360655,96
TIC 616361592,616361592,96
TIC 616367271,616367271,96
TIC 616373459,616373459,96
TIC 616373717,616373717,96
TIC 616374596,616374596,96
TIC 616380385,616380385,96
TIC 616380644,616380644,96
TIC 616387609,616387609,96
TIC 616403547,616403547,96
TIC 616414862,616414862,96
TIC 616416406,616416406,96
TIC 616417063,616417063,96
TIC 616417251,616417251,96
TIC 616423990,616423990,96
TIC 616433380,616433380,96
TIC 616433486,616433486,96
TIC 616433662,616433662,96
TIC 616436730,616436730,96
TIC 616443911,616443911,96
TIC 616444165,616444165,96
TIC 616452844,616452844,96
TIC 616457883,616457883,96
TIC 616459075,616459075,96
TIC 616470883,616470883,96
TIC 616479466,616479466,96
TIC 616486168,616486168,96
TIC 616486714,616486714,96
TIC 616487672,616487672,96
TIC 616488601,616488601,96
TIC 616491055,616491055,96
TIC 616494706,616494706,96
TIC 616500910,616500910,96
TIC 616501152,616501152,96
TIC 616511068,616511068,96
TIC 616530943,616530943,96
TIC 616549351,616549351,96
TIC 616562256,616562256,96
TIC 616567551,616567551,96
TIC 616567714,616567714,96
TIC 616570546,616570546,96
TIC 616572237,616572237,96
TIC 616574908,616574908,96
TIC 616578889,616578889,96
TIC 616582627,616582627,96
TIC 616589105,616589105,96
TIC 616590143,616590143,96
TIC 630848023,630848023,96
TIC 630858513,630858513,96
TIC 630859397,630859397,96
TIC 630879227,630879227,96
TIC 630909831,630909831,96
TIC 630989645,630989645,96
TIC 630998996,630998996,96
TIC 631174853,631174853,96
TIC 631331128,631331128,96
TIC 631332825,631332825,96
TIC 631354818,631354818,96
TIC 631371470,631371470,96
TIC 631371706,631371706,96
TIC 631412889,631412889,96
TIC 631431918,631431918,96
TIC 631432649,631432649,96
TIC 631437878,631437878,96
TIC 631439890,631439890,96
TIC 631441376,631441376,96
TIC 631447118,631447118,96
TIC 631448974,631448974,96
TIC 631451635,631451635,96
TIC 631479737,631479737,96
TIC 631485205,631485205,96
TIC 631494924,631494924,96
TIC 631499709,631499709,96
TIC 631501298,631501298,96
TIC 631507561,631507561,96
TIC 631522755,631522755,96
TIC 631533418,631533418,96
TIC 631538649,631538649,96
TIC 631542034,631542034,96
TIC 631550142,631550142,96
TIC 631551311,631551311,96
TIC 631556939,631556939,96
TIC 631563962,631563962,96
TIC 631564000,631564000,96
TIC 631570611,631570611,96
TIC 631581984,631581984,96
TIC 631600841,631600841,96
TIC 631613694,631613694,96
TIC 631614623,631614623,96
TIC 631615384,631615384,96
TIC 631616915,631616915,96
TIC 631619835,631619835,96
TIC 631620461,631620461,96
TIC 631621849,631621849,96
TIC 631624825,631624825,96
TIC 631628228,631628228,96
TIC 631628539,631628539,96
TIC 631633448,631633448,96
TIC 631635373,631635373,96
TIC 631640778,631640778,96
TIC 631641993,631641993,96
TIC 631642939,631642939,96
TIC 631644639,631644639,96
TIC 631648669,631648669,96
TIC 631657528,631657528,96
TIC 631659336,631659336,96
TIC 631662907,631662907,96
TIC 631664659,631664659,96
TIC 631668874,631668874,96
TIC 631670183,631670183,96
TIC 631671624,631671624,96
TIC 631671974,631671974,96
TIC 631676309,631676309,96
TIC 631677077,631677077,96
TIC 631683363,631683363,96
TIC 631683702,631683702,96
TIC 631684174,631684174,96
TIC 631684222,631684222,96
TIC 631685856,631685856,96
TIC 631690226,631690226,96
TIC 631694614,631694614,96
TIC 631696825,631696825,96
TIC 631699820,631699820,96
TIC 631706314,631706314,96
TIC 631706860,631706860,96
TIC 631707874,631707874,96
TIC 631711311,631711311,96
TIC 631715375,631715375,96
TIC 631719318,631719318,96
TIC 631724021,631724021,96
TIC 631726294,631726294,96
TIC 631728202,631728202,96
TIC 631728965,631728965,96
TIC 631732127,631732127,96
TIC 631749074,631749074,96
TIC 631750769,631750769,96
TIC 631775129,631775129,96
TIC 631791697,631791697,96
TIC 631791870,631791870,96
TIC 631792988,631792988,96
TIC 631799519,631799519,96
TIC 631803164,631803164,96
TIC 631889545,631889545,96
TIC 631893571,631893571,96
TIC 650114601,650114601,96
TIC 650164298,650164298,96
TIC 650164490,650164490,96
TIC 650230508,650230508,96
TIC 650243771,650243771,96
TIC 650289565,650289565,96
TIC 650340966,650340966,96
TIC 650344582,650344582,96
TIC 650376353,650376353,96
TIC 650418377,650418377,96
TIC 650441394,650441394,96
TIC 650538336,650538336,96
TIC 650553097,650553097,96
TIC 650564783,650564783,96
TIC 650567331,650567331,96
TIC 650591172,650591172,96
TIC 650622875,650622875,96
TIC 650631609,650631609,96
TIC 650638052,650638052,96
TIC 650639572,650639572,96
TIC 650639599,650639599,96
TIC 650645880,650645880,96
TIC 650648897,650648897,96
TIC 650649424,650649424,96
TIC 650657458,650657458,96
TIC 650657929,650657929,96
TIC 650664442,650664442,96
TIC 650664630,650664630,96
TIC 650669739,650669739,96
TIC 650680744,650680744,96
TIC 650686351,650686351,96
TIC 650720839,650720839,96
TIC 650727204,650727204,96
TIC 650731554,650731554,96
TIC 650774258,650774258,96
TIC 650779203,650779203,96
TIC 650779819,650779819,96
TIC 650780708,650780708,96
TIC 650785626,650785626,96
TIC 650789730,650789730,96
TIC 650796966,650796966,96
TIC 675146781,675146781,96
TIC 677350071,677350071,96
TIC 683382712,683382712,96
TIC 684800351,684800351,96
TIC 684867762,684867762,96
TIC 684881193,684881193,96
TIC 684908227,684908227,96
TIC 684990657,684990657,96
TIC 685007886,685007886,96
TIC 685013118,685013118,96
TIC 685018232,685018232,96
TIC 685025231,685025231,96
TIC 685029509,685029509,96
TIC 685104137,685104137,96
TIC 685136020,685136020,96
TIC 685185457,685185457,96
TIC 685263791,685263791,96
TIC 685268302,685268302,96
TIC 724211062,724211062,96
TIC 726143505,726143505,96
TIC 727954271,727954271,96
TIC 734441945,734441945,96
TIC 734449329,734449329,96
TIC 734566294,734566294,96
TIC 735184550,735184550,96
TIC 735322182,735322182,96
TIC 735469198,735469198,96
TIC 735593286,735593286,96
TIC 736001651,736001651,96
TIC 736930945,736930945,96
TIC 737446564,737446564,96
TIC 737457250,737457250,96
TIC 737500851,737500851,96
TIC 737521192,737521192,96
TIC 737607989,737607989,96
TIC 764566657,764566657,96
TIC 764727314,764727314,96
TIC 764760375,764760375,96
TIC 764765803,764765803,96
TIC 765018117,765018117,96
TIC 765034103,765034103,96
TIC 765260145,765260145,96
TIC 765321529,765321529,96
TIC 765345227,765345227,96
TIC 765498310,765498310,96
TIC 766059495,766059495,96
TIC 766104037,766104037,96
TIC 766115338,766115338,96
TIC 766221529,766221529,96
TIC 766262565,766262565,96
TIC 767028275,767028275,96
TIC 767060769,767060769,96
TIC 767063988,767063988,96
TIC 767088967,767088967,96
TIC 767092550,767092550,96
TIC 767130083,767130083,96
TIC 767136539,767136539,96
TIC 767136541,767136541,96
TIC 767160550,767160550,96
TIC 805255566,805255566,96
TIC 805783607,805783607,96
TIC 805813843,805813843,96
TIC 805884346,805884346,96
TIC 805917344,805917344,96
TIC 805918443,805918443,96
TIC 805968148,805968148,96
TIC 806076009,806076009,96
TIC 806293333,806293333,96
TIC 806419944,806419944,96
TIC 2023994841,2023994841,96
TIC 2023995670,2023995670,96
TIC 2023999497,2023999497,96
TIC 2024001114,2024001114,96
TIC 2024005716,2024005716,96
TIC 2024012791,2024012791,96
TIC 2028082871,2028082871,96
TIC 2028088250,2028088250,96
TIC 2028089503,2028089503,96
TIC 2028282393,2028282393,96
TIC 2028304991,2028304991,96
TIC 2028318361,2028318361,96
TIC 2028320885,2028320885,96
TIC 2028320886,2028320886,96
TIC 2028353193,2028353193,96
TIC 2028367873,2028367873,96
TIC 2028369698,2028369698,96
TIC 2028372277,2028372277,96
TIC 2028374114,2028374114,96
TIC 2028374212,2028374212,96
TIC 2028381685,2028381685,96
TIC 2028387719,2028387719,96
TIC 2028801568,2028801568,96
TIC 2028809903,2028809903,96
TIC 2028812657,2028812657,96
TIC 2028813431,2028813431,96
TIC 2051736971,2051736971,96
TIC 2051737245,2051737245,96
TIC 2051740329,2051740329,96
TIC 2051743383,2051743383,96
TIC 2051749363,2051749363,96
TIC 2051750322,2051750322,96
TIC 2051751323,2051751323,96
TIC 2051751328,2051751328,96
TIC 2051752323,2051752323,96
TIC 2051753662,2051753662,96
TIC 2051762548,2051762548,96
TIC 2051765027,2051765027,96
TIC 2051771143,2051771143,96
TIC 2051774702,2051774702,96
TIC 2051782791,2051782791,96
TIC 2051784091,2051784091,96
TIC 2051791584,2051791584,96
TIC 2051792916,2051792916,96
TIC 2051800471,2051800471,96
TIC 2051803230,2051803230,96
TIC 2051803470,2051803470,96
TIC 2051803527,2051803527,96
TIC 2051808704,2051808704,96
TIC 2051810622,2051810622,96
TIC 2051812061,2051812061,96
TIC 2051822245,2051822245,96
TIC 2051824774,2051824774,96
TIC 2051829232,2051829232,96
TIC 2051837072,2051837072,96
TIC 2051838145,2051838145,96
TIC 2051838292,2051838292,96
TIC 2051840421,2051840421,96
TIC 2051844301,2051844301,96
TIC 2051850719,2051850719,96
TIC 2051854160,2051854160,96
TIC 2051854195,2051854195,96
TIC 2051854267,2051854267,96
TIC 2051854505,2051854505,96
TIC 2051858798,2051858798,96
TIC 2051859658,2051859658,96
TIC 2051859905,2051859905,96
TIC 2051861789,2051861789,96
TIC 2051863349,2051863349,96
TIC 2051866588,2051866588,96
TIC 2051872629,2051872629,96
TIC 2051873231,2051873231,96
TIC 2051899140,2051899140,96
TIC 2051901335,2051901335,96
TIC 2051902303,2051902303,96
TIC 2051907526,2051907526,96
TIC 2051910860,2051910860,96
TIC 2051913333,2051913333,96
TIC 2051924088,2051924088,96
TIC 2051936325,2051936325,96
TIC 2051943353,2051943353,96
TIC 2051964026,2051964026,96
TIC 2051964593,2051964593,96
TIC 2051970919,2051970919,96
TIC 2051975405,2051975405,96
TIC 2051980459,2051980459,96
TIC 2051984207,2051984207,96
TIC 2051988598,2051988598,96
TIC 2051991923,2051991923,96
TIC 2051993285,2051993285,96
TIC 2051996444,2051996444,96
TIC 2052002156,2052002156,96
TIC 2052019530,2052019530,96
TIC 2052030572,2052030572,96
TIC 2052032763,2052032763,96
TIC 2052035965,2052035965,96
TIC 2052038436,2052038436,96
TIC 2052039722,2052039722,96
TIC 2052042233,2052042233,96
TIC 2052045041,2052045041,96
TIC 2052045449,2052045449,96
TIC 2052052591,2052052591,96
TIC 2052053873,2052053873,96
TIC 2052057859,2052057859,96
TIC 2052060250,2052060250,96
TIC 2052064183,2052064183,96
TIC 2052069307,2052069307,96
TIC 2052074736,2052074736,96
TIC 2052084356,2052084356,96
TIC 2052095082,2052095082,96
TIC 2052096164,2052096164,96
TIC 2052100034,2052100034,96
TIC 2052106957,2052106957,96
TIC 2052108181,2052108181,96
TIC 2052112328,2052112328,96
TIC 2052114834,2052114834,96
TIC 2052115431,2052115431,96
TIC 2052120032,2052120032,96
TIC 2052123477,2052123477,96
TIC 2052123657,2052123657,96
TIC 2052128165,2052128165,96
TIC 2052129595,2052129595,96
TIC 2052133235,2052133235,96
TIC 2052135123,2052135123,96
TIC 2052136550,2052136550,96
TIC 2052137625,2052137625,96
TIC 2052139547,2052139547,96
TIC 2052141450,2052141450,96
TIC 2052150721,2052150721,96
TIC 2052154320,2052154320,96
TIC 2052156201,2052156201,96
TIC 2052161973,2052161973,96
TIC 2052168650,2052168650,96
TIC 2052171088,2052171088,96
TIC 2052171556,2052171556,96
TIC 2052175499,2052175499,96
TIC 2052178850,2052178850,96
TIC 2052185340,2052185340,96
TIC 2052187910,2052187910,96
TIC 2052195275,2052195275,96
TIC 2052197747,2052197747,96
TIC 2052199467,2052199467,96
TIC 2052200773,2052200773,96
TIC 2052212111,2052212111,96
TIC 2052215142,2052215142,96
TIC 2052215177,2052215177,96
TIC 2052224213,2052224213,96
TIC 2052229376,2052229376,96
TIC 2052229418,2052229418,96
TIC 2052230020,2052230020,96
TIC 2052231022,2052231022,96
TIC 2052239995,2052239995,96
TIC 2052240690,2052240690,96
TIC 2052247527,2052247527,96
TIC 2052249974,2052249974,96
TIC 2052251682,2052251682,96
TIC 2052253507,2052253507,96
TIC 2052258067,2052258067,96
TIC 2052258162,2052258162,96
TIC 2052270945,2052270945,96
TIC 2052272285,2052272285,96
TIC 2052312516,2052312516,96
TIC 2052315687,2052315687,96
TIC 2052329421,2052329421,96
TIC 2052330087,2052330087,96
TIC 2052334921,2052334921,96
TIC 2052340851,2052340851,96
TIC 2052341123,2052341123,96
TIC 2052354324,2052354324,96
TIC 2052358448,2052358448,96
TIC 2052364825,2052364825,96
TIC 2052367445,2052367445,96
TIC 2055243602,2055243602,96
TIC 2055335185,2055335185,96
TIC 2055348323,2055348323,96
TIC 2055539865,2055539865,96
TIC 2055541164,2055541164,96
TIC 2055546938,2055546938,96
TIC 2055555344,2055555344,96
TIC 2055570037,2055570037,96
TIC 2055579416,2055579416,96
TIC 2055610540,2055610540,96
TIC 2055619737,2055619737,96
TIC 2055637389,2055637389,96
TIC 2055637407,2055637407,96
TIC 2055641210,2055641210,96
TIC 2055646846,2055646846,96
TIC 2055655083,2055655083,96
TIC 2055677339,2055677339,96
TIC 2055679809,2055679809,96
TIC 2055682441,2055682441,96
TIC 2055682518,2055682518,96
TIC 2055683091,2055683091,96
TIC 2055684082,2055684082,96
TIC 2055688114,2055688114,96
TIC 2055691981,2055691981,96
TIC 2055696286,2055696286,96
TIC 2055697088,2055697088,96
TIC 2055697978,2055697978,96
TIC 2055699270,2055699270,96
TIC 2055700344,2055700344,96
TIC 2055700961,2055700961,96
TIC 2055713317,2055713317,96
TIC 2055713369,2055713369,96
TIC 2055713986,2055713986,96
TIC 2055717008,2055717008,96
TIC 2055717298,2055717298,96
TIC 2055717881,2055717881,96
TIC 2055734684,2055734684,96
TIC 2055739801,2055739801,96
TIC 2055745477,2055745477,96
TIC 2055756523,2055756523,96
TIC 2055786809,2055786809,96
TIC 2055787047,2055787047,96
TIC 2055801941,2055801941,96
TIC 2055840698,2055840698,96
TIC 2055844229,2055844229,96
TIC 2055860987,2055860987,96
TIC 2055863007,2055863007,96
TIC 2055863291,2055863291,96
TIC 2055867554,2055867554,96
TIC 2055868661,2055868661,96
TIC 2055873522,2055873522,96
TIC 2055879729,2055879729,96
TIC 2055889515,2055889515,96
TIC 2055891697,2055891697,96
TIC 2055898200,2055898200,96
TIC 2055900358,2055900358,96
TIC 2055905512,2055905512,96
TIC 2055910775,2055910775,96
TIC 2055913467,2055913467,96
TIC 2055925536,2055925536,96
TIC 2055932657,2055932657,96
TIC 2055934840,2055934840,96
TIC 2055939207,2055939207,96
TIC 2055947470,2055947470,96
TIC 2055952681,2055952681,96
TIC 2055962200,2055962200,96
TIC 2055963017,2055963017,96
TIC 2055963874,2055963874,96
TIC 2055965872,2055965872,96
TIC 2055976193,2055976193,96
TIC 2055979832,2055979832,96
TIC 2055984859,2055984859,96
TIC 2055985581,2055985581,96
TIC 2055991850,2055991850,96
TIC 2055996437,2055996437,96
TIC 2056000305,2056000305,96
TIC 2056011298,2056011298,96
TIC 2056013290,2056013290,96
TIC 2056025770,2056025770,96
TIC 2056027765,2056027765,96
TIC 2056027956,2056027956,96
TIC 2056028398,2056028398,96
TIC 2056029264,2056029264,96
TIC 2056033233,2056033233,96
TIC 2056037297,2056037297,96
TIC 2056044783,2056044783,96
TIC 2056045064,2056045064,96
TIC 2056046905,2056046905,96
TIC 2056049901,2056049901,96
TIC 2056051603,2056051603,96
TIC 2056052244,2056052244,96
TIC 2056068039,2056068039,96
TIC 2056068443,2056068443,96
TIC 2056068773,2056068773,96
TIC 2056079966,2056079966,96
TIC 2056083743,2056083743,96
TIC 2056088198,2056088198,96
TIC 2056089144,2056089144,96
TIC 2056092860,2056092860,96
TIC 2056096400,2056096400,96
TIC 2056098837,2056098837,96
