tic_id,ra,dec,tmag
120418600,285.0131082,40.2209547,13.3179
120103325,284.0323723,39.7815365,13.734
158218214,286.4100307,42.6815137,14.9548
270609625,293.6084289,42.1978746,13.3387
271665352,295.3496546,45.1145372,14.9556
159581434,290.9536059,45.7195545,14.6597
9006668,349.2310814,-18.6066463,9.926601
230055368,170.3135774,25.2732942,11.6196
299218775,289.3586737,50.5984489,12.9171
101955023,153.7090696,-47.1549358,10.8372
245392284,38.3691648,56.025708,11.9004
160045097,213.0787718,74.4117909,11.3069
271164596,294.613689,45.9846265,14.841
377293776,286.8540627,59.0866254,10.0306
354619337,317.5515264,10.7388967,8.08821
159217349,290.007564,42.1164698,14.4221
444013020,133.3242982,8.5230171,11.302
210083929,339.2050832,16.8271941,10.5581
388104525,55.9336392,-65.19378,11.6035
388076422,317.9001392,68.4020762,13.2297
272084528,296.0756231,45.6270165,14.9945
158276273,286.5284924,43.8733751,13.5146
290742484,307.4182976,-39.0323568,13.546
289661991,139.1125648,69.0741284,11.5817
123496782,282.6998783,45.4257884,11.5719
137217372,291.5569554,39.2272923,13.544
422756130,21.9217346,72.2966148,11.0294
198108326,209.3886452,43.49331,11.7551
158489095,287.3469567,47.7729078,13.2115
270521439,293.4548441,44.7927823,14.5768
369455629,311.673345,-41.8209828,11.4513
158840095,288.8314251,47.5519753,13.3037
122712179,291.1528056,40.8876814,13.8791
159098316,289.6079433,44.3454347,13.4231
151825527,167.9908627,-39.3281151,11.6739
138222081,293.7084179,41.6151084,14.1835
138168780,94.7929552,73.8275672,9.88278
162922904,171.8450533,-44.0887035,12.0233
378085713,294.6552312,39.3083446,15.1748
48451562,284.8713893,49.7758867,15.3655
327369524,4.5239602,59.7661983,11.3864
69356857,294.3374248,35.2764934,11.7791
402828941,305.4585453,19.4358468,12.1444
4165850,114.6393985,31.3944536,10.187
27188610,294.5177291,50.6703927,14.2726
123231917,281.1117588,42.4549698,14.3245
272083644,296.0422962,45.98514,14.3925
171968443,299.1868586,41.742699,14.727
458419328,130.9002258,63.0780768,12.4963
26583640,292.0847866,49.2374206,13.6112
394357918,43.8284749,-79.4147039,14.2612
411608801,18.9953122,21.6169065,10.3002
164529393,283.4781717,43.3837235,14.7353
424867045,292.5308289,49.0616555,12.8689
416266465,289.4858423,50.9441967,12.9266
271159950,294.6679021,43.8532104,13.9508
349827430,161.9090273,71.655727,7.9179
272601375,296.6547477,46.8352242,13.1969
272278272,296.2776587,46.8998006,13.5344
123409401,281.9156128,42.7755535,11.5855
302908969,110.4601649,35.2219829,12.1765
271354748,294.9115874,46.4914718,12.2748
318022259,107.865826,48.3279327,10.3595
34077285,94.1644734,-13.987337,9.2563
63130782,292.1445534,47.1573604,15.0916
160113658,59.4555606,-41.6320332,12.1142
272840455,296.8136883,47.5265446,14.1348
121865123,289.0739641,40.3660239,12.8479
232967440,197.6830975,70.7680117,10.2938
122063843,289.4179128,39.9450757,12.8312
23769326,208.9447534,40.3918061,12.3342
166184428,206.1070129,-40.3373505,11.0196
48506505,285.2685283,48.5598835,11.8933
158630233,287.8793899,43.3640752,15.2965
14336130,105.0833291,56.8241941,8.82897
8516795,279.1701117,23.2586193,10.5527
48353902,283.7870875,48.0296019,13.2444
240178935,293.0377331,46.2775223,12.7978
273590427,297.8423073,46.5743595,14.8153
273383120,297.7119299,45.261985,12.9485
164779321,284.6772402,44.7976401,14.7256
29857954,316.6318791,-26.6928654,10.7379
138959504,295.0020771,39.9528613,13.7392
137307173,291.4994412,37.0592571,14.6677
158625100,287.9060885,46.9377479,14.5083
237222864,296.2446203,74.0628577,9.1416
262715204,349.3843458,1.3001522,11.2451
63362772,292.58042,46.0973588,14.524
435339558,55.2559307,13.5191871,11.2235
328934463,205.2043217,22.9839692,10.9687
137155210,291.4688524,40.3437001,12.5199
137892978,292.9227926,38.4772173,14.5312
279912260,285.8223636,45.7118423,15.0115
267669725,289.8589165,48.6938077,15.0254
121458206,287.9757213,39.087168,13.4473
27912642,296.8534096,50.0373196,14.5562
158935283,289.0775348,46.0051696,13.518
37749396,4.7730178,-9.9661505,8.4991
48419097,283.982904,49.2329512,13.7958
26488618,291.6594558,50.5838585,15.1411
267667295,284.4334642,49.3051239,13.3396
123445166,282.2130447,46.7177898,12.8615
27082352,294.3385109,50.3365178,14.7468
184471242,296.3586251,39.1152033,14.3672
27766705,296.0094827,50.4983929,15.1355
137317096,291.6994841,38.1452065,13.6048
272489533,296.5662171,44.1058077,14.6847
271165395,294.6481708,46.3923173,15.3229
270959184,294.3262617,47.2175461,15.0586
63453366,292.8698348,46.7418679,14.916
27009720,293.8902214,48.3360926,15.2021
159304741,290.2481023,44.4352935,13.7674
121327187,287.6550196,39.2441716,11.4794
164886497,285.1104819,42.0339619,14.4611
158317824,286.7418337,43.1901197,15.2785
240179452,293.0181882,45.9147063,14.8436
158415898,287.3327284,46.2034366,13.4636
268302011,298.8163801,43.9980203,12.5083
137626872,292.4172566,41.4168384,12.9667
120044687,283.8664285,39.8981928,14.3966
92226327,11.248632,-15.2741085,11.2991
275568400,293.2936129,42.1963497,15.3983
444037742,133.7094899,11.8482712,12.986
273141643,297.3012497,43.1418313,14.6977
63068329,291.8629793,46.4291614,14.1478
178246831,127.9373409,19.0745863,13.6324
159715997,291.2697354,42.0960305,15.3801
164892125,285.2537555,46.5822183,14.1718
159099116,289.553232,43.876116,14.4428
137634395,292.4797004,38.5149018,14.8751
28159518,297.292558,49.9817499,12.1956
63293562,292.6780488,46.7266813,12.7328
27530621,295.5549918,49.0172956,14.7838
169082553,297.0702037,40.868734,14.1532
120691237,286.0252285,39.6309204,14.1317
149601126,86.8509737,-60.5213081,13.4006
394174412,289.6793396,40.7004265,13.7771
120638033,285.8537014,38.3840916,13.486
159102744,289.538818,41.8928154,15.0669
272376022,296.397542,42.3969273,15.2862
299089652,288.8488552,51.2090375,11.9363
29781292,65.2383065,-68.1026875,8.9387
349095149,107.9210254,-65.5088568,10.0564
120495880,285.3500664,41.4523695,14.149
164455792,283.0228527,47.2611431,14.079
271963778,295.8940373,42.3805156,15.484
271545939,295.251187,45.8429537,14.7736
267667567,284.566954,49.0127077,14.2421
416279912,289.7636212,51.962683,12.1351
349408306,110.426175,-64.014145,15.8445
321688498,321.599582,68.640531,11.1079
31374837,83.26925,-26.72387,8.1705
435878153,13.085379,20.938876,12.0398
117979455,71.802796,-17.253367,8.96
153725446,66.413097,-43.72027,11.1522
36724087,154.644903,-11.717801,10.5848
308034948,180.325704,-60.200439,8.6014
348538431,121.629579,-15.76469,13.2304
268439377,116.835959,-49.122453,13.1591
274057129,316.42555,45.579939,11.5276
96165095,72.60148,33.014025,11.0543
375850439,336.295039,67.971168,10.6234
298073824,201.336817,75.982713,8.1033
285592400,13.132258,64.334238,12.0637
322054600,323.87017,68.987307,10.4505
150437346,97.320501,-65.337781,11.6659
186715217,45.959667,40.324556,14.2955
1870990135,295.556776,32.614099,12.8953
219379012,76.833621,-48.115889,10.231
114516994,88.308222,21.917925,10.1485
9432774,73.598358,-8.462994,12.3956
311010709,284.766001,-16.755523,12.4878
385105624,50.808098,46.682113,10.4511
383806208,135.238555,-56.556931,13.2576
157568289,106.767434,-36.770799,10.4091
256561562,299.937613,61.653163,12.9392
241525834,206.54904,-53.357187,14.85
171312653,298.748378,36.162883,13.4842
386297468,139.190353,-59.528015,12.3487
150320610,95.61935,-63.697716,9.755
278866211,100.807811,-55.244376,10.2638
229490898,296.257303,64.791904,11.9414
79292541,104.055775,-20.052499,9.4247
67881560,9.347123,40.905168,10.3337
445392860,112.460205,-51.990765,14.881
366804698,198.447139,5.702132,10.8829
10487354,111.022056,-2.625095,12.8786
29848696,23.69102,-7.375004,9.0072
261258875,89.730768,-79.743374,9.2691
345596003,356.180508,56.843339,13.3745
43724768,76.552419,-8.050582,12.9399
298829544,287.764397,52.24468,13.4685
367913453,355.51293,76.918784,12.3618
191998744,103.802923,45.324206,11.475
139879080,326.381404,-51.564785,9.3703
301991463,40.539435,53.555802,13.0057
102542376,89.640838,10.220589,11.8362
321861405,323.15288,67.911948,11.9401
242389810,213.499311,-44.36654,13.086
357244603,107.631373,74.485744,14.2833
353111680,284.124143,-13.941955,12.1392
448744179,182.339327,-32.886681,13.0695
207937389,207.421621,-57.150013,13.0339
57093805,272.450977,-31.891545,10.9308
53728859,13.000916,34.728402,12.3396
301035553,3.035148,-4.612959,13.1789
431033767,334.678618,53.781393,13.1238
176314383,71.554945,-0.804872,12.0676
408506314,3.276119,7.660267,12.8562
349582831,66.934984,33.086274,12.4261
437156845,123.43693,-18.877652,12.7325
257567854,52.818037,-23.819792,11.185
349986198,154.250153,6.866478,12.5389
387330895,310.100457,67.533801,13.2787
355796887,132.225584,-61.904997,12.973
265242905,308.308351,50.926837,12.3142
107617930,111.153147,-25.071762,13.2808
441739871,259.564164,74.302721,12.8123
261746870,26.0978,-80.573876,9.0387
1101855081,228.833287,40.267196,12.251
359426909,183.60042,-72.347311,12.9585
151760597,305.033226,-6.073279,12.3942
465176038,162.663087,-60.847019,12.802
164786087,284.830443,44.658093,14.6979
458300989,159.657502,-56.593205,12.5386
245728942,252.214926,-44.21966,11.4302
21549805,181.518741,41.471434,12.7279
288246496,356.666714,31.155911,11.5639
215018906,294.922389,28.572231,10.9992
38603673,64.415043,-61.39201,9.5473
238171173,357.002336,-68.487698,13.0654
17129975,308.160533,40.778443,12.367
374521355,305.811945,6.004746,13.4732
328100489,14.305249,-12.013518,11.9524
146846569,160.889636,-44.621815,15.173
174206540,113.85425,-40.877509,13.0923
100921768,54.308702,-44.472006,8.1605
317290270,280.461822,26.937022,12.866
291517604,261.241401,-58.633055,10.0143
15692883,17.47474,25.681649,9.7116
389777651,156.22955,84.754719,11.6431
49066806,164.676291,-35.341072,11.213
352682207,20.21482,66.072201,11.5163
258801269,287.025089,66.290697,10.938
49046332,164.359312,-34.690336,12.7171
435861696,11.88786,21.938552,12.0
439598736,297.726141,-5.042412,12.635
127229631,84.979951,14.303023,13.0406
258940847,9.208188,24.267798,9.7664
96736412,104.823819,-31.38747,13.2221
427041513,304.973328,33.00991,10.4008
60859922,211.722845,-29.306832,12.0272
82707763,169.958638,-51.866071,10.1405
283605976,61.899944,11.517544,11.7948
88460991,105.523795,65.286684,12.7094
207238953,50.21978,-56.071719,10.9015
262330063,78.318822,4.809898,10.642
392681545,56.337007,60.350917,7.4961
308300731,267.904353,24.427455,10.4748
232679662,282.474539,55.26639,10.3018
421184129,175.387114,-46.196175,10.8967
306996324,178.577997,-37.553357,9.73597
441420236,311.291137,-31.34245,6.755
306990399,266.949667,-62.527452,12.0635
462615350,251.11918,60.086043,12.709
133849258,121.479826,-41.46259,13.7942
229650439,280.923784,74.937833,10.3237
297967252,142.521159,-51.517114,5.5324
150428135,97.095717,-65.578615,10.9102
461662295,124.446664,51.01037,9.92871
284206913,9.305074,61.205097,10.7486
452741216,327.750007,29.710001,12.7283
175176327,115.825326,-36.496714,10.0465
41387532,256.44018,-30.816707,9.50494
394672497,201.749736,-73.594247,9.6181
399871011,74.555144,8.980825,11.0412
317089588,347.462945,-79.699998,13.4669
196351790,14.410856,47.522036,13.3063
456335739,135.139415,49.451496,13.2573
260647166,186.574063,-51.363052,8.6522
374180079,157.935686,0.937278,10.6269
143526444,125.645029,-19.254613,9.3309
147994863,170.68965,70.832276,13.3104
249884767,38.399932,49.169461,11.0888
241442273,205.513548,-48.466443,8.4492
50312495,31.178933,-73.126759,9.8135
271971130,113.852328,-73.577409,13.5308
300812741,116.973103,-71.001967,10.0534
60377863,112.229289,-44.139772,9.4051
302381442,100.172692,76.732244,13.4113
317132251,86.793352,-13.784928,9.95471
372759746,175.196879,71.978724,10.3203
258917846,197.912511,-47.45457,10.3342
286382849,318.346195,61.754571,10.8086
420645189,48.370422,75.268379,10.1374
142087638,98.442149,-74.190098,11.1464
340458804,115.639048,-58.623272,10.3607
47143972,145.012087,-10.977168,14.2991
107548305,212.8173081718,-30.884358971,12.495
742037143,100.1213379387,38.9477468547,17.47
9172417,62.0574890034,-5.7565999164,11.85
219145901,89.392614,-51.729497,9.665
116520408,234.1439946501,46.6358900917,11.512
402319281,353.5459009842,-15.5169826267,10.305
142013583,96.2028908601,-72.0110005009,12.32
36883123,43.3950411005,-9.2080174107,9.13
137151074,291.4069699012,38.5679246362,11.035
201776479,33.4212347388,-59.7000222231,10.487
365034219,311.2932732626,48.086723663,11.052
198388252,258.1953385436,57.0528889369,11.645
120607386,4.691119658,-39.6772618113,8.86
355601553,357.6892726909,-59.5403018892,9.368
320268279,7.4696539199,56.9668076162,12.021
169175441,297.1441440281,41.8816589042,11.487
69889494,338.6748747274,-19.8598096055,7.684
236338880,242.5212448632,25.6152349219,11.585
38707340,66.4542522889,-60.5123624382,12.108
392536812,280.4674436246,58.0564731259,11.225
371066950,329.2592499713,48.6685652849,6.617
219765652,263.0048768257,65.7713770709,9.332
156414921,71.1374673076,39.8754795125,7.816
281498280,6.3588532571,-55.4782818042,11.888
280055342,237.2372139618,-36.6556353118,9.054
264594607,80.7581592709,0.4390696981,8.421
323255579,206.5734527989,-61.5904417067,13.44
14307980,144.5562266881,-1.0744883189,11.21
357685999,275.1753165499,58.6605256373,7.601
384534266,253.262998587,-81.5946056611,7.871
326815804,359.679842227,61.1609925941,9.978
89787778,127.8200021717,-59.2270392516,8.091
366786599,198.0952954086,2.6538298609,7.918
88589037,323.3291248066,25.6906356236,15.574
457427613,157.3973894226,-57.9663824733,5.25
150390189,96.5896092656,-65.1523907371,8.54
29053989,50.8846575191,25.8994033049,9.298
455732776,357.2802502107,39.8002819952,10.29
1045298,34.4267326239,-8.277569693,10.686
406631696,351.4123040376,71.8461714815,10.297
436168322,306.3901543712,27.3691939778,9.59
79565128,52.8033668772,-47.1046025111,11.922
268610013,299.1616848939,45.0519168986,11.417
244250449,74.3102719895,-3.6012937725,10.294
165310952,299.2429420462,54.7995223834,8.446
14844585,306.4096904899,37.0529324503,11.407
455947620,340.0007491139,60.8231744483,13.706
157273362,198.6215258138,59.6196243775,7.926
364964726,298.2213356339,59.5284870514,11.015
376891083,341.2608900112,68.1329078544,8.672
255565860,96.3566774675,-51.9910826765,12.793
81604794,123.2583238141,-45.5227891633,8.069
435936714,83.5093532637,6.3364954288,16.037
102691227,155.5723038527,-43.2148678681,8.506
67982365,242.433703,-28.963182,10.344
378395625,302.2990675945,33.9199437069,7.904
77044471,358.5587428819,-30.0130295636,13.258
53963396,18.3423730645,60.7644161953,10.708
458481461,233.4627495532,63.907140748,7.144
237069277,306.9743307826,63.4148813405,10.52
17451194,308.2937565607,41.3728922004,11.202
63192395,104.7254174748,-25.5720526629,9.602
91638523,39.6034799123,-37.9905442489,5.986
150101472,92.1058357292,-63.2544162178,9.877
267803830,10.865749869,32.6641766607,13.095
306580215,119.7423476789,-67.2323235115,11.053
372909935,119.4535486738,-64.2146262115,11.034
296184440,109.282659726,-15.5120531219,15.452
329770815,332.9932546021,54.6416352015,12.017
231275247,41.8354388202,-51.4528880815,9.106
92359850,52.2255918801,-19.9797685512,9.655
11799872,102.0534248346,55.7044847385,5.865
78055054,80.5381980728,-30.9708364981,12.846
391902612,106.5680497401,-76.8392707703,11.862
426541180,244.9302687769,-72.2147936268,10.469
200921621,54.5230554423,36.1409917194,9.328
166773165,318.2565753045,38.9592307512,8.062
144695651,84.9439837304,8.1840941642,10.571
193948188,228.9991556301,50.5275986968,10.324
271893367,112.9656531028,-73.6061526526,10.903
286923464,203.5105809628,53.7285273246,7.456
178171080,43.2662065501,-31.4038521829,8.59
160148385,1.0464069721,-47.3606452586,11.912
436158814,83.9482406578,9.7638954299,12.872
219173590,91.316792387,-49.1243838901,9.61
117397619,48.3431971206,48.1086883316,7.494
103605167,151.2507884776,70.2292107755,8.46
144000467,336.263106016,-53.8102776928,8.231
255587619,96.8409026915,-53.1030809192,10.664
351287412,296.6696846867,52.9959672346,11.376
159573299,290.8067139289,42.3439416805,11.592
159047480,289.4051573726,44.5154817425,11.997
29478974,314.0816031958,-26.5885288582,10.619
24935204,350.4112130687,49.3867509582,10.557
197887879,57.385108,-55.348746,9.328
248074315,192.959228834,-42.8222517624,10.31
270411008,349.4030181938,-29.1721462926,9.736
230017324,291.4651495863,61.7762529452,10.636
177077475,103.2067688903,-70.4303053124,10.176
288027491,135.8619408411,-75.5029013266,10.206
