target,tic_id,sectors,artifact_epoch_btjd,prior_depth_snr,prior_passes,prior_period_days,prior_pipeline_version,prior_transit_time,shared_epochs_seen,source_campaigns
TIC 1007010,1007010,100,4074.4,4.8461,False,0.545161,processed-lc-v2,4074.856948,4074.4,sector100_expansion_5000
TIC 1474552,1474552,100,4074.4,5.4271,False,2.80917,processed-lc-v2,4074.99949,4074.4,sector100_expansion_5000
TIC 5483606,5483606,100,4074.4,6.6509,False,1.122529,processed-lc-v2,4075.360875,4074.4,sector100_expansion_5000
TIC 11526793,11526793,100,4074.4,6.1455,False,0.966873,processed-lc-v2,4075.335948,4074.4,sector100_expansion_5000
TIC 14683365,14683365,100,4080.8,9.0669,False,1.375633,processed-lc-v2,4074.581452,4080.8,sector100_expansion_5000
TIC 15443102,15443102,100,4080.8,10.3701,True,0.926628,processed-lc-v2,4075.267402,4080.8,sector100_expansion_5000
TIC 15444490,15444490,100,4074.4,401.1702,False,0.988979,processed-lc-v2,4074.183382,4074.4,sector100_expansion_5000
TIC 15521043,15521043,100,4074.4,81.9678,False,0.693469,processed-lc-v2,4074.368094,4074.4,sector100_expansion_5000
TIC 20324932,20324932,100,4080.8,5.4567,False,0.507296,processed-lc-v2,4074.840574,4080.8,sector100_expansion_5000
TIC 21110028,21110028,100,4080.8,6.0404,False,7.9979,processed-lc-v2,4079.780371,4080.8,sector100_expansion_5000
TIC 21949406,21949406,100,4080.8,6.3765,False,6.710095,processed-lc-v2,4074.468655,4080.8,sector100_expansion_5000
TIC 21954983,21954983,100,4074.4,53.0946,False,0.576136,processed-lc-v2,4074.401479,4074.4,sector100_expansion_5000
TIC 22221375,22221375,100,4080.8,7.8834,True,8.610968,processed-lc-v2,4082.344395,4080.8,sector100_expansion_5000
TIC 22755154,22755154,100,4080.8,5.6695,False,1.366344,processed-lc-v2,4074.04764,4080.8,sector100_expansion_5000
TIC 22855960,22855960,100,4074.4,10.1439,False,1.022853,processed-lc-v2,4074.297573,4074.4,sector100_expansion_5000
TIC 22856975,22856975,100,4080.8,5.7666,False,9.2671,processed-lc-v2,4076.093331,4080.8,sector100_expansion_5000
TIC 22856978,22856978,100,4080.8,6.0063,False,9.2671,processed-lc-v2,4076.093331,4080.8,sector100_expansion_5000
TIC 23434737,23434737,100,4080.8,15.4073,False,8.209344,processed-lc-v2,4077.828168,4080.8,sector100_expansion_5000
TIC 23559335,23559335,100,4080.8,6.0554,False,4.10398,processed-lc-v2,4078.039488,4080.8,sector100_expansion_5000
TIC 32610018,32610018,100,4074.4,5.011,False,4.988189,processed-lc-v2,4077.531191,4074.4,sector100_expansion_5000
TIC 32612670,32612670,100,4074.4,27.6255,False,1.228072,processed-lc-v2,4074.449316,4074.4,sector100_expansion_5000
TIC 32662807,32662807,100,4080.8,6.9717,False,1.016551,processed-lc-v2,4074.875592,4080.8,sector100_expansion_5000
TIC 49005243,49005243,100,4080.8,45.1355,False,6.33816,processed-lc-v2,4080.761413,4080.8,sector100_expansion_5000
TIC 49005244,49005244,100,4080.8,17.2312,True,6.881918,processed-lc-v2,4079.411754,4080.8,sector100_expansion_5000
TIC 53694359,53694359,100,4080.8,5.4297,False,1.291781,processed-lc-v2,4074.878997,4080.8,sector100_expansion_5000
TIC 53958105,53958105,100,4080.8,5.092,False,0.510371,processed-lc-v2,4074.61041,4080.8,sector100_expansion_5000
TIC 53997218,53997218,100,4080.8,18.5903,True,7.000071,processed-lc-v2,4080.785811,4080.8,sector100_expansion_5000
TIC 54145213,54145213,100,4074.4,8.9962,True,6.28416,processed-lc-v2,4080.730515,4074.4,sector100_expansion_5000
TIC 54238138,54238138,100,4080.8,5.1507,False,0.954261,processed-lc-v2,4074.592089,4080.8,sector100_expansion_5000
TIC 54963169,54963169,100,4074.4,6.0764,False,0.501333,processed-lc-v2,4074.848438,4074.4,sector100_expansion_5000
TIC 55146695,55146695,100,4080.8,13.4722,True,6.289601,processed-lc-v2,4080.693143,4080.8,sector100_expansion_5000
TIC 57186546,57186546,100,4080.8,5.6957,False,1.001408,processed-lc-v2,4075.368945,4080.8,sector100_expansion_5000
TIC 57210637,57210637,100,4080.8,5.013,False,0.929125,processed-lc-v2,4074.728532,4080.8,sector100_expansion_5000
TIC 57210639,57210639,100,4080.8,5.9389,False,1.365813,processed-lc-v2,4074.686866,4080.8,sector100_expansion_5000
TIC 57404590,57404590,100,4080.8,6.4315,False,8.457627,processed-lc-v2,4079.425667,4080.8,sector100_expansion_5000
TIC 57450117,57450117,100,4080.8,5.5513,False,8.946765,processed-lc-v2,4080.861047,4080.8,sector100_expansion_5000
TIC 57469249,57469249,100,4080.8,7.417,True,6.72049,processed-lc-v2,4080.890064,4080.8,sector100_expansion_5000
TIC 61372764,61372764,100,4080.8,6.4384,False,9.040427,processed-lc-v2,4078.469981,4080.8,sector100_expansion_5000
TIC 61475565,61475565,100,4074.4,6.6562,False,3.527889,processed-lc-v2,4074.376218,4074.4,sector100_expansion_5000
TIC 62066360,62066360,100,4080.8,36.67,False,1.575676,processed-lc-v2,4074.974612,4080.8,sector100_expansion_5000
TIC 66941536,66941536,100,4080.8,13.437,False,0.877007,processed-lc-v2,4074.662514,4080.8,sector100_expansion_5000
TIC 67204803,67204803,100,4080.8,33.4481,False,1.157181,processed-lc-v2,4074.810087,4080.8,sector100_expansion_5000
TIC 67415985,67415985,100,4080.8,33.6078,False,0.95497,processed-lc-v2,4074.207433,4080.8,sector100_expansion_5000
TIC 68176067,68176067,100,4074.4,11.8326,False,6.387137,processed-lc-v2,4074.080662,4074.4,sector100_expansion_5000
TIC 68177106,68177106,100,4080.8,24.5846,False,1.579728,processed-lc-v2,4074.508776,4080.8,sector100_expansion_5000
TIC 70905821,70905821,100,4080.8,8.9887,True,6.074792,processed-lc-v2,4074.712419,4080.8,sector100_expansion_5000
TIC 71250578,71250578,100,4080.8,5.9995,False,0.876208,processed-lc-v2,4074.713288,4080.8,sector100_expansion_5000
TIC 71250579,71250579,100,4080.8,5.6007,False,1.36589,processed-lc-v2,4074.769538,4080.8,sector100_expansion_5000
TIC 71670639,71670639,100,4080.8,5.0577,False,0.511046,processed-lc-v2,4074.827674,4080.8,sector100_expansion_5000
TIC 71733813,71733813,100,4080.8,5.0767,False,0.597706,processed-lc-v2,4074.322254,4080.8,sector100_expansion_5000
TIC 71733814,71733814,100,4080.8,5.8653,False,9.238076,processed-lc-v2,4076.721212,4080.8,sector100_expansion_5000
TIC 72499657,72499657,100,4074.4,61.619,False,1.24328,processed-lc-v2,4074.426591,4074.4,sector100_expansion_5000
TIC 72818359,72818359,100,4080.8,6.5624,False,0.83695,processed-lc-v2,4074.28362,4080.8,sector100_expansion_5000
TIC 73303344,73303344,100,4074.4,9.7782,False,0.68447,processed-lc-v2,4074.620473,4074.4,sector100_expansion_5000
TIC 73305532,73305532,100,4074.4,6.0009,False,5.006183,processed-lc-v2,4077.185646,4074.4,sector100_expansion_5000
TIC 73485654,73485654,100,4080.8,10.8765,False,1.002958,processed-lc-v2,4074.120237,4080.8,sector100_expansion_5000
TIC 73714894,73714894,100,4074.4,58.5734,False,0.844257,processed-lc-v2,4074.431466,4074.4,sector100_expansion_5000
TIC 73794653,73794653,100,4080.8,10.9676,True,9.177568,processed-lc-v2,4080.78355,4080.8,sector100_expansion_5000
TIC 74741564,74741564,100,4074.4,15.8859,True,6.075036,processed-lc-v2,4075.02413,4074.4,sector100_expansion_5000
TIC 80933690,80933690,100,4080.8,8.8735,False,0.519732,processed-lc-v2,4074.372788,4080.8,sector100_expansion_5000
TIC 81003959,81003959,100,4080.8,20.6738,False,0.794218,processed-lc-v2,4074.612536,4080.8,sector100_expansion_5000
TIC 81003962,81003962,100,4080.8,32.2073,False,0.792656,processed-lc-v2,4074.633369,4080.8,sector100_expansion_5000
TIC 81699706,81699706,100,4074.4,28.419,False,6.091601,processed-lc-v2,4074.584397,4074.4,sector100_expansion_5000
TIC 81785393,81785393,100,4080.8,5.3299,False,5.79256,processed-lc-v2,4075.098575,4080.8,sector100_expansion_5000
TIC 81785400,81785400,100,4080.8,7.3933,False,0.825798,processed-lc-v2,4074.316283,4080.8,sector100_expansion_5000
TIC 82321632,82321632,100,4080.8,15.2397,True,9.159826,processed-lc-v2,4080.778735,4080.8,sector100_expansion_5000
TIC 82882503,82882503,100,4080.8,7.1549,True,6.73994,processed-lc-v2,4074.040247,4080.8,sector100_expansion_5000
TIC 91531787,91531787,100,4080.8,6.3343,False,3.355625,processed-lc-v2,4074.20282,4080.8,sector100_expansion_5000
TIC 91730317,91730317,100,4080.8,12.8845,True,5.570415,processed-lc-v2,4076.419721,4080.8,sector100_expansion_5000
TIC 92093079,92093079,100,4080.8,5.3145,False,2.564948,processed-lc-v2,4076.143422,4080.8,sector100_expansion_5000
TIC 92757286,92757286,100,4080.8,12.7164,False,8.190952,processed-lc-v2,4074.127653,4080.8,sector100_expansion_5000
TIC 93001507,93001507,100,4080.8,5.8657,False,2.221383,processed-lc-v2,4076.482371,4080.8,sector100_expansion_5000
TIC 93148662,93148662,100,4080.8,6.7233,False,3.329846,processed-lc-v2,4074.720198,4080.8,sector100_expansion_5000
TIC 94088626,94088626,100,4074.4,108.1689,False,0.549731,processed-lc-v2,4074.471291,4074.4,sector100_expansion_5000
TIC 94346626,94346626,100,4074.4,11.7899,True,8.180231,processed-lc-v2,4074.472331,4074.4,sector100_expansion_5000
TIC 102046331,102046331,100,4080.8,10.3935,True,3.883469,processed-lc-v2,4075.286226,4080.8,sector100_expansion_5000
TIC 102076638,102076638,100,4074.4,7.551,True,8.266061,processed-lc-v2,4078.227516,4074.4,sector100_expansion_5000
TIC 105884066,105884066,100,4080.8,8.877,True,6.658521,processed-lc-v2,4074.184155,4080.8,sector100_expansion_5000
TIC 105992511,105992511,100,4074.4,5.9566,False,0.676081,processed-lc-v2,4074.650374,4074.4,sector100_expansion_5000
TIC 106260535,106260535,100,4080.8,5.1966,False,7.923663,processed-lc-v2,4081.12141,4080.8,sector100_expansion_5000
TIC 106260536,106260536,100,4080.8,5.3303,False,2.211615,processed-lc-v2,4074.851273,4080.8,sector100_expansion_5000
TIC 119863167,119863167,100,4080.8,7.9943,True,6.659123,processed-lc-v2,4074.676908,4080.8,sector100_expansion_5000
TIC 119867023,119867023,100,4074.4,27.9852,True,7.157424,processed-lc-v2,4080.885342,4074.4,sector100_expansion_5000
TIC 134758536,134758536,100,4080.8,7.5733,False,6.74498,processed-lc-v2,4074.058365,4080.8,sector100_expansion_5000
TIC 134976537,134976537,100,4074.4,25.1551,False,0.794861,processed-lc-v2,4074.449731,4074.4,sector100_expansion_5000
TIC 135078221,135078221,100,4080.8,4.3742,False,0.540374,processed-lc-v2,4074.213655,4080.8,sector100_expansion_5000
TIC 141939885,141939885,100,4080.8,7.1014,False,6.775263,processed-lc-v2,4080.739247,4080.8,sector100_expansion_5000
TIC 142312635,142312635,100,4080.8,5.5296,False,0.80405,processed-lc-v2,4074.342316,4080.8,sector100_expansion_5000
TIC 142389148,142389148,100,4074.4,4.9199,False,0.790553,processed-lc-v2,4074.330947,4074.4,sector100_expansion_5000
TIC 144219766,144219766,100,4074.4,83.9004,False,2.002835,processed-lc-v2,4074.357931,4074.4,sector100_expansion_5000
TIC 144289338,144289338,100,4080.8,6.3234,False,6.74991,processed-lc-v2,4074.007937,4080.8,sector100_expansion_5000
TIC 146271266,146271266,100,4080.8,5.3207,False,5.275619,processed-lc-v2,4078.717518,4080.8,sector100_expansion_5000
TIC 146890957,146890957,100,4074.4,5.5565,False,0.765655,processed-lc-v2,4074.450174,4074.4,sector100_expansion_5000
TIC 148498368,148498368,100,4080.8,8.1041,True,6.094325,processed-lc-v2,4075.278125,4080.8,sector100_expansion_5000
TIC 148563078,148563078,100,4080.8,17.3228,False,1.134734,processed-lc-v3-edge-safe,4076.026981,4080.8,sector100_expansion_5000
TIC 148612264,148612264,100,4074.4,14.1104,False,7.529775,processed-lc-v2,4080.114073,4074.4,sector100_expansion_5000
TIC 151738776,151738776,100,4074.4,13.1774,True,7.829797,processed-lc-v2,4078.724127,4074.4,sector100_expansion_5000
TIC 151825527,151825527,100,4080.8,6.9885,False,5.692565,processed-lc-v2,4076.218463,4080.8,sector100_expansion_5000
TIC 152059149,152059149,100,4080.8,4.2777,False,0.582235,processed-lc-v2,4074.396838,4080.8,sector100_expansion_5000
TIC 152397298,152397298,100,4080.8,9.9644,True,6.546992,processed-lc-v2,4079.268358,4080.8,sector100_expansion_5000
TIC 152397300,152397300,100,4080.8,9.889,True,6.546991,processed-lc-v2,4079.264192,4080.8,sector100_expansion_5000
TIC 152479118,152479118,100,4080.8,29.0774,True,9.064873,processed-lc-v2,4076.249633,4080.8,sector100_expansion_5000
TIC 152563846,152563846,100,4080.8,8.2949,True,8.849457,processed-lc-v2,4081.447192,4080.8,sector100_expansion_5000
TIC 157257983,157257983,100,4080.8,5.5724,False,0.839869,processed-lc-v2,4074.125927,4080.8,sector100_expansion_5000
TIC 157257984,157257984,100,4080.8,5.6042,False,0.599814,processed-lc-v2,4074.359261,4080.8,sector100_expansion_5000
TIC 159881887,159881887,100,4080.8,5.2998,False,1.028621,processed-lc-v2,4074.365648,4080.8,sector100_expansion_5000
TIC 160833480,160833480,100,4074.4,7.8636,True,6.595072,processed-lc-v2,4074.400332,4074.4,sector100_expansion_5000
TIC 161738781,161738781,100,4080.8,5.3528,False,1.781781,processed-lc-v2,4075.58035,4080.8,sector100_expansion_5000
TIC 161740136,161740136,100,4074.4,47.6673,False,1.185557,processed-lc-v2,4074.489606,4074.4,sector100_expansion_5000
TIC 162305348,162305348,100,4080.8,13.2983,True,6.910298,processed-lc-v2,4080.315961,4080.8,sector100_expansion_5000
TIC 162363011,162363011,100,4080.8,16.8252,True,6.672376,processed-lc-v2,4079.145169,4080.8,sector100_expansion_5000
TIC 162431488,162431488,100,4080.8,11.6206,False,1.040073,processed-lc-v2,4074.680436,4080.8,sector100_expansion_5000
TIC 162625921,162625921,100,4080.8,6.5215,False,6.742925,processed-lc-v2,4074.016919,4080.8,sector100_expansion_5000
TIC 162809834,162809834,100,4074.4,5.5242,False,0.985922,processed-lc-v2,4074.605204,4074.4,sector100_expansion_5000
TIC 162892242,162892242,100,4080.8,7.7111,False,1.383032,processed-lc-v2,4074.618033,4080.8,sector100_expansion_5000
TIC 162922932,162922932,100,4080.8,18.1432,False,8.877608,processed-lc-v2,4081.350239,4080.8,sector100_expansion_5000
TIC 163028436,163028436,100,4080.8,10.0132,True,6.794493,processed-lc-v2,4080.778344,4080.8,sector100_expansion_5000
TIC 163032300,163032300,100,4080.8,21.7675,True,9.365099,processed-lc-v2,4080.824616,4080.8,sector100_expansion_5000
TIC 163586821,163586821,100,4080.8,17.4476,False,5.330631,processed-lc-v2,4076.678812,4080.8,sector100_expansion_5000
TIC 165290827,165290827,100,4080.8,5.6843,False,5.316798,processed-lc-v2,4077.948093,4080.8,sector100_expansion_5000
TIC 165424163,165424163,100,4080.8,5.3324,False,0.581584,processed-lc-v2,4074.542923,4080.8,sector100_expansion_5000
TIC 165455652,165455652,100,4080.8,6.1115,False,2.811167,processed-lc-v2,4075.972202,4080.8,sector100_expansion_5000
TIC 165903395,165903395,100,4074.4,31.8171,True,1.869222,processed-lc-v2,4074.319847,4074.4,sector100_expansion_5000
TIC 165909066,165909066,100,4074.4,100.3378,True,1.834076,processed-lc-v2,4074.562208,4074.4,sector100_expansion_5000
TIC 167900479,167900479,100,4080.8,12.2411,True,6.069641,processed-lc-v2,4075.150177,4080.8,sector100_expansion_5000
TIC 167905035,167905035,100,4080.8,7.1646,False,5.546728,processed-lc-v2,4075.763741,4080.8,sector100_expansion_5000
TIC 168140976,168140976,100,4074.4,5.4097,False,0.904192,processed-lc-v2,4075.033589,4074.4,sector100_expansion_5000
TIC 168406593,168406593,100,4080.8,6.0351,False,8.593958,processed-lc-v2,4074.541636,4080.8,sector100_expansion_5000
TIC 178535991,178535991,100,4080.8,16.3161,True,6.945421,processed-lc-v2,4080.790009,4080.8,sector100_expansion_5000
TIC 178709444,178709444,100,4080.8,6.1462,False,1.176129,processed-lc-v2,4074.372034,4080.8,sector100_expansion_5000
TIC 179301898,179301898,100,4080.8,7.622,False,5.72165,processed-lc-v2,4075.637011,4080.8,sector100_expansion_5000
TIC 179397129,179397129,100,4074.4,17.2765,False,1.028021,processed-lc-v2,4074.119206,4074.4,sector100_expansion_5000
TIC 181112829,181112829,100,4080.8,6.3266,False,8.367657,processed-lc-v2,4074.018049,4080.8,sector100_expansion_5000
TIC 181112830,181112830,100,4080.8,9.7263,True,8.367657,processed-lc-v2,4074.018049,4080.8,sector100_expansion_5000
TIC 181114779,181114779,100,4080.8,5.7201,False,2.844087,processed-lc-v2,4075.133077,4080.8,sector100_expansion_5000
TIC 181150811,181150811,100,4080.8,6.2032,False,0.519976,processed-lc-v2,4074.146479,4080.8,sector100_expansion_5000
TIC 181804551,181804551,100,4074.4,5.447,False,1.848841,processed-lc-v2,4075.873521,4074.4,sector100_expansion_5000
TIC 188087958,188087958,100,4080.8,9.4505,False,0.710988,processed-lc-v2,4075.109648,4080.8,sector100_expansion_5000
TIC 192942178,192942178,100,4074.4,515.0187,False,1.356074,processed-lc-v2,4075.718637,4074.4,sector100_expansion_5000
TIC 192990045,192990045,100,4080.8,6.0335,False,1.106891,processed-lc-v2,4074.755407,4080.8,sector100_expansion_5000
TIC 193136669,193136669,100,4074.4,205.8547,False,1.553998,processed-lc-v2,4076.028293,4074.4,sector100_expansion_5000
TIC 193270454,193270454,100,4080.8,6.1705,False,0.920416,processed-lc-v2,4074.657417,4080.8,sector100_expansion_5000
TIC 210064349,210064349,100,4074.4,160.8983,False,0.586995,processed-lc-v2,4074.443348,4074.4,sector100_expansion_5000
TIC 210454085,210454085,100,4080.8,52.7309,False,1.234105,processed-lc-v2,4074.619391,4080.8,sector100_expansion_5000
TIC 219698955,219698955,100,4074.4,5.0251,False,0.824187,processed-lc-v2,4075.045208,4074.4,sector100_expansion_5000
TIC 245131517,245131517,100,4080.8,6.2309,False,6.809448,processed-lc-v2,4079.277807,4080.8,sector100_expansion_5000
TIC 253956777,253956777,100,4074.4,38.5073,False,0.770859,processed-lc-v2,4074.119065,4074.4,sector100_expansion_5000
TIC 255985025,255985025,100,4074.4,9.7644,False,1.426945,processed-lc-v2,4074.570374,4074.4,sector100_expansion_5000
TIC 256339165,256339165,100,4080.8,5.4563,False,0.670793,processed-lc-v2,4074.188871,4080.8,sector100_expansion_5000
TIC 257699919,257699919,100,4074.4,23.0922,True,6.507882,processed-lc-v2,4074.385451,4074.4,sector100_expansion_5000
TIC 257699927,257699927,100,4074.4,19.6863,True,6.352303,processed-lc-v2,4074.413228,4074.4,sector100_expansion_5000
TIC 260778617,260778617,100,4080.8,62.9161,False,1.077845,processed-lc-v2,4075.307574,4080.8,sector100_expansion_5000
TIC 261753030,261753030,100,4080.8,36.3945,True,6.337684,processed-lc-v2,4074.435038,4080.8,sector100_expansion_5000
TIC 263020470,263020470,100,4074.4,40.3712,False,6.24233,processed-lc-v2,4080.719151,4074.4,sector100_expansion_5000
TIC 266376971,266376971,100,4080.8,11.4309,True,7.486944,processed-lc-v2,4077.390705,4080.8,sector100_expansion_5000
TIC 268539465,268539465,100,4074.4,141.1338,False,0.817977,processed-lc-v2,4074.728296,4074.4,sector100_expansion_5000
TIC 268539933,268539933,100,4074.4,12.1096,False,0.715697,processed-lc-v2,4074.447398,4074.4,sector100_expansion_5000
TIC 268902533,268902533,100,4074.4,37.8645,False,0.733069,processed-lc-v2,4074.431563,4074.4,sector100_expansion_5000
TIC 270264416,270264416,100,4080.8,6.4079,False,1.23855,processed-lc-v2,4074.554365,4080.8,sector100_expansion_5000
TIC 270991768,270991768,100,4074.4,59.8249,False,6.336108,processed-lc-v2,4075.520417,4074.4,sector100_expansion_5000
TIC 271395468,271395468,100,4074.4,77.863,False,3.663906,processed-lc-v2,4075.903734,4074.4,sector100_expansion_5000
TIC 271825250,271825250,100,4080.8,5.8296,False,1.509896,processed-lc-v2,4074.1027,4080.8,sector100_expansion_5000
TIC 271946648,271946648,100,4080.8,5.0735,False,1.186643,processed-lc-v3-edge-safe,4076.188419,4080.8,sector100_expansion_5000
TIC 272168163,272168163,100,4080.8,23.0624,False,9.518557,processed-lc-v2,4080.748581,4080.8,sector100_expansion_5000
TIC 272482203,272482203,100,4080.8,6.6383,False,0.815898,processed-lc-v2,4074.621575,4080.8,sector100_expansion_5000
TIC 272649679,272649679,100,4080.8,6.9555,False,0.521322,processed-lc-v3-edge-safe,4075.402517,4080.8,sector100_expansion_5000
TIC 273032265,273032265,100,4080.8,62.0885,False,0.873671,processed-lc-v2,4074.223491,4080.8,sector100_expansion_5000
TIC 273052736,273052736,100,4074.4,24.0597,False,0.502563,processed-lc-v2,4074.472476,4074.4,sector100_expansion_5000
TIC 273712085,273712085,100,4080.8,6.7381,False,1.360006,processed-lc-v2,4074.264289,4080.8,sector100_expansion_5000
TIC 273996739,273996739,100,4080.8,49.6775,False,1.117073,processed-lc-v2,4074.86198,4080.8,sector100_expansion_5000
TIC 275546580,275546580,100,4080.8,15.8848,True,9.159519,processed-lc-v2,4080.808145,4080.8,sector100_expansion_5000
TIC 275546599,275546599,100,4080.8,15.2229,True,6.162695,processed-lc-v2,4074.134186,4080.8,sector100_expansion_5000
TIC 280667150,280667150,100,4080.8,30.7364,False,0.536018,processed-lc-v2,4074.073042,4080.8,sector100_expansion_5000
TIC 280667164,280667164,100,4080.8,20.62,False,0.536182,processed-lc-v2,4074.066097,4080.8,sector100_expansion_5000
TIC 281650462,281650462,100,4080.8,15.2215,False,0.523379,processed-lc-v2,4074.39899,4080.8,sector100_expansion_5000
TIC 281650466,281650466,100,4080.8,15.6291,False,0.523379,processed-lc-v2,4074.39899,4080.8,sector100_expansion_5000
TIC 286896393,286896393,100,4074.4,54.0146,False,1.251896,processed-lc-v2,4074.431068,4074.4,sector100_expansion_5000
TIC 287045523,287045523,100,4080.8,7.1559,True,7.027958,processed-lc-v2,4074.735607,4080.8,sector100_expansion_5000
TIC 287078599,287078599,100,4080.8,13.9616,False,5.99684,processed-lc-v2,4075.554701,4080.8,sector100_expansion_5000
TIC 289668177,289668177,100,4074.4,279.1134,False,0.87757,processed-lc-v2,4074.789575,4074.4,sector100_expansion_5000
TIC 289668400,289668400,100,4074.4,6.1959,False,1.109686,processed-lc-v2,4075.523227,4074.4,sector100_expansion_5000
TIC 289669006,289669006,100,4074.4,10.059,True,3.964869,processed-lc-v2,4075.010303,4074.4,sector100_expansion_5000
TIC 289736264,289736264,100,4074.4,9.9612,True,6.216083,processed-lc-v2,4074.587352,4074.4,sector100_expansion_5000
TIC 290674357,290674357,100,4080.8,42.0526,True,7.367515,processed-lc-v2,4080.721768,4080.8,sector100_expansion_5000
TIC 293395175,293395175,100,4080.8,8.4169,True,6.444956,processed-lc-v2,4074.325378,4080.8,sector100_expansion_5000
TIC 293605269,293605269,100,4074.4,6.9158,False,6.15906,processed-lc-v2,4080.321319,4074.4,sector100_expansion_5000
TIC 295338999,295338999,100,4080.8,50.529,True,9.664394,processed-lc-v2,4080.770873,4080.8,sector100_expansion_5000
TIC 296860004,296860004,100,4080.8,6.1633,False,1.643009,processed-lc-v2,4074.595563,4080.8,sector100_expansion_5000
TIC 296881302,296881302,100,4074.4,49.1145,False,1.57264,processed-lc-v2,4075.522704,4074.4,sector100_expansion_5000
TIC 296941561,296941561,100,4080.8,6.2423,False,7.584303,processed-lc-v2,4078.107286,4080.8,sector100_expansion_5000
TIC 297223601,297223601,100,4080.8,16.3263,True,9.997851,processed-lc-v2,4079.016954,4080.8,sector100_expansion_5000
TIC 297661014,297661014,100,4080.8,6.6742,False,7.971182,processed-lc-v2,4075.12836,4080.8,sector100_expansion_5000
TIC 299688946,299688946,100,4080.8,16.1037,True,6.484829,processed-lc-v2,4080.065095,4080.8,sector100_expansion_5000
TIC 299964370,299964370,100,4074.4,24.1161,False,1.406472,processed-lc-v2,4075.272545,4074.4,sector100_expansion_5000
TIC 303653327,303653327,100,4074.4,621.1539,False,0.508894,processed-lc-v2,4074.388787,4074.4,sector100_expansion_5000
TIC 304417560,304417560,100,4080.8,137.1334,False,1.557762,processed-lc-v2,4075.143283,4080.8,sector100_expansion_5000
TIC 305129667,305129667,100,4080.8,17.8524,False,1.231099,processed-lc-v2,4074.124542,4080.8,sector100_expansion_5000
TIC 305368119,305368119,100,4080.8,16.662,True,6.323858,processed-lc-v2,4074.118272,4080.8,sector100_expansion_5000
TIC 305372180,305372180,100,4080.8,12.4622,False,0.892383,processed-lc-v2,4074.648517,4080.8,sector100_expansion_5000
TIC 305374696,305374696,100,4080.8,41.2981,False,0.833492,processed-lc-v2,4074.58291,4080.8,sector100_expansion_5000
TIC 306996324,306996324,100,4080.8,5.0678,False,0.533094,processed-lc-v2,4074.358725,4080.8,sector100_expansion_5000
TIC 307079330,307079330,100,4080.8,4.4979,False,0.532752,processed-lc-v2,4074.246129,4080.8,sector100_expansion_5000
TIC 307265174,307265174,100,4080.8,23.7692,False,0.992485,processed-lc-v2,4074.122568,4080.8,sector100_expansion_5000
TIC 308007414,308007414,100,4080.8,5.1684,False,0.89897,processed-lc-v2,4074.506824,4080.8,sector100_expansion_5000
TIC 308049855,308049855,100,4080.8,8.7408,False,0.818428,processed-lc-v2,4074.908572,4080.8,sector100_expansion_5000
TIC 308637803,308637803,100,4080.8,24.2581,False,1.478622,processed-lc-v2,4074.823342,4080.8,sector100_expansion_5000
TIC 308934388,308934388,100,4080.8,4.8098,False,0.558437,processed-lc-v2,4074.773444,4080.8,sector100_expansion_5000
TIC 308984536,308984536,100,4074.4,5.4622,False,0.967679,processed-lc-v2,4075.050058,4074.4,sector100_expansion_5000
TIC 309028466,309028466,100,4074.4,5.2505,False,0.505357,processed-lc-v2,4074.677196,4074.4,sector100_expansion_5000
TIC 309179410,309179410,100,4080.8,17.666,False,1.615293,processed-lc-v2,4074.476572,4080.8,sector100_expansion_5000
TIC 310116547,310116547,100,4080.8,16.5675,True,6.298287,processed-lc-v2,4074.555809,4080.8,sector100_expansion_5000
TIC 310414464,310414464,100,4080.8,173.6002,False,1.199833,processed-lc-v2,4074.293057,4080.8,sector100_expansion_5000
TIC 310887915,310887915,100,4080.8,52.3249,False,1.3942,processed-lc-v2,4075.038012,4080.8,sector100_expansion_5000
TIC 311037555,311037555,100,4080.8,92.8014,False,1.302492,processed-lc-v2,4074.259919,4080.8,sector100_expansion_5000
TIC 311050929,311050929,100,4080.8,9.7715,True,9.430231,processed-lc-v2,4080.878739,4080.8,sector100_expansion_5000
TIC 311377842,311377842,100,4080.8,8.881,False,6.518837,processed-lc-v2,4079.236599,4080.8,sector100_expansion_5000
TIC 311890819,311890819,100,4074.4,5.7257,False,5.545587,processed-lc-v2,4078.07573,4074.4,sector100_expansion_5000
TIC 311974232,311974232,100,4074.4,43.8882,False,1.709008,processed-lc-v2,4074.621052,4074.4,sector100_expansion_5000
TIC 312433052,312433052,100,4080.8,4.9123,False,0.831892,processed-lc-v2,4074.562719,4080.8,sector100_expansion_5000
TIC 313521746,313521746,100,4080.8,28.0835,False,1.186834,processed-lc-v2,4074.547126,4080.8,sector100_expansion_5000
TIC 313754471,313754471,100,4074.4,67.0917,False,1.500932,processed-lc-v2,4074.425931,4074.4,sector100_expansion_5000
TIC 313869987,313869987,100,4080.8,6.2419,False,0.734725,processed-lc-v2,4074.553246,4080.8,sector100_expansion_5000
TIC 314098939,314098939,100,4080.8,38.7687,False,1.266373,processed-lc-v2,4074.297127,4080.8,sector100_expansion_5000
TIC 314454479,314454479,100,4080.8,14.9144,False,1.179679,processed-lc-v2,4074.13143,4080.8,sector100_expansion_5000
TIC 314551036,314551036,100,4080.8,8.1388,False,0.932,processed-lc-v2,4074.234212,4080.8,sector100_expansion_5000
TIC 314906016,314906016,100,4080.8,9.9367,True,9.787987,processed-lc-v2,4080.769666,4080.8,sector100_expansion_5000
TIC 315446387,315446387,100,4074.4,6.0747,False,5.522528,processed-lc-v2,4074.011237,4074.4,sector100_expansion_5000
TIC 316895281,316895281,100,4080.8,10.9741,False,1.465401,processed-lc-v2,4075.136357,4080.8,sector100_expansion_5000
TIC 317385747,317385747,100,4074.4,108.7696,False,1.635339,processed-lc-v3-edge-safe,4075.969164,4074.4,sector100_expansion_5000
TIC 320284971,320284971,100,4080.8,65.8701,False,0.904141,processed-lc-v2,4074.194568,4080.8,sector100_expansion_5000
TIC 321513424,321513424,100,4080.8,9.0533,True,8.479122,processed-lc-v2,4074.540307,4080.8,sector100_expansion_5000
TIC 321804350,321804350,100,4080.8,37.8524,False,0.512899,processed-lc-v2,4074.424612,4080.8,sector100_expansion_5000
TIC 324100081,324100081,100,4080.8,7.1709,True,1.543729,processed-lc-v2,4074.846722,4080.8,sector100_expansion_5000
TIC 324100093,324100093,100,4080.8,7.9299,False,6.721802,processed-lc-v2,4074.015472,4080.8,sector100_expansion_5000
TIC 325384023,325384023,100,4080.8,19.2979,False,1.100787,processed-lc-v2,4074.466804,4080.8,sector100_expansion_5000
TIC 326542774,326542774,100,4074.4,32.2063,True,7.385862,processed-lc-v2,4076.836363,4074.4,sector100_expansion_5000
TIC 327436074,327436074,100,4080.8,108.1306,False,0.914922,processed-lc-v2,4074.276035,4080.8,sector100_expansion_5000
TIC 327776615,327776615,100,4080.8,11.2472,False,1.316974,processed-lc-v2,4074.742748,4080.8,sector100_expansion_5000
TIC 328986935,328986935,100,4074.4,18.9413,False,1.559714,processed-lc-v2,4074.268651,4074.4,sector100_expansion_5000
TIC 329457630,329457630,100,4080.8,13.3956,False,2.541179,processed-lc-v2,4074.493618,4080.8,sector100_expansion_5000
TIC 329538372,329538372,100,4074.4,25.8361,False,2.008718,processed-lc-v2,4074.83413,4074.4,sector100_expansion_5000
TIC 331663460,331663460,100,4080.8,27.8026,False,0.988134,processed-lc-v2,4074.25359,4080.8,sector100_expansion_5000
TIC 332071139,332071139,100,4074.4,6.0157,False,1.002286,processed-lc-v2,4074.352699,4074.4,sector100_expansion_5000
TIC 332276046,332276046,100,4080.8,5.1111,False,4.401424,processed-lc-v2,4074.706568,4080.8,sector100_expansion_5000
TIC 332657786,332657786,100,4074.4,29.4906,True,8.805709,processed-lc-v2,4081.15735,4074.4,sector100_expansion_5000
TIC 334083869,334083869,100,4080.8,16.4918,False,1.510963,processed-lc-v2,4074.325779,4080.8,sector100_expansion_5000
TIC 334768935,334768935,100,4074.4,95.2579,False,1.099952,processed-lc-v2,4074.412923,4074.4,sector100_expansion_5000
TIC 334777479,334777479,100,4080.8,7.4116,False,1.059388,processed-lc-v2,4075.106016,4080.8,sector100_expansion_5000
TIC 335378184,335378184,100,4074.4,4.5014,False,0.516006,processed-lc-v2,4074.928248,4074.4,sector100_expansion_5000
TIC 335380087,335380087,100,4074.4,60.3848,False,1.156471,processed-lc-v2,4075.402445,4074.4,sector100_expansion_5000
TIC 335380201,335380201,100,4080.8,5.5694,False,0.5065,processed-lc-v2,4074.90659,4080.8,sector100_expansion_5000
TIC 336346953,336346953,100,4080.8,17.9052,True,9.078592,processed-lc-v2,4080.864197,4080.8,sector100_expansion_5000
TIC 338671196,338671196,100,4080.8,235.4201,False,0.849094,processed-lc-v2,4074.607748,4080.8,sector100_expansion_5000
TIC 340101519,340101519,100,4080.8,16.6735,False,1.427589,processed-lc-v2,4075.277167,4080.8,sector100_expansion_5000
TIC 341776926,341776926,100,4080.8,5.3975,False,1.014595,processed-lc-v2,4074.835981,4080.8,sector100_expansion_5000
TIC 341787179,341787179,100,4074.4,204.7975,False,0.784208,processed-lc-v2,4074.761551,4074.4,sector100_expansion_5000
TIC 341971195,341971195,100,4080.8,8.8111,True,6.747797,processed-lc-v2,4078.995404,4080.8,sector100_expansion_5000
TIC 341971215,341971215,100,4080.8,9.4014,False,6.377041,processed-lc-v2,4080.338113,4080.8,sector100_expansion_5000
TIC 343448916,343448916,100,4074.4,25.9807,False,1.131669,processed-lc-v2,4075.009669,4074.4,sector100_expansion_5000
TIC 347590875,347590875,100,4080.8,12.1421,True,7.846534,processed-lc-v2,4080.247253,4080.8,sector100_expansion_5000
TIC 359698428,359698428,100,4080.8,8.5265,False,3.275304,processed-lc-v2,4075.943577,4080.8,sector100_expansion_5000
TIC 360057586,360057586,100,4074.4,25.2874,False,0.903216,processed-lc-v2,4075.161534,4074.4,sector100_expansion_5000
TIC 360627462,360627462,100,4074.4,58.7249,True,1.972012,processed-lc-v2,4074.442351,4074.4,sector100_expansion_5000
TIC 361457098,361457098,100,4080.8,7.2531,False,0.968693,processed-lc-v2,4074.451519,4080.8,sector100_expansion_5000
TIC 361871362,361871362,100,4080.8,7.8824,True,9.278975,processed-lc-v2,4080.855787,4080.8,sector100_expansion_5000
TIC 374158843,374158843,100,4080.8,6.1978,False,1.166851,processed-lc-v2,4074.611735,4080.8,sector100_expansion_5000
TIC 375570991,375570991,100,4080.8,11.9143,True,6.368473,processed-lc-v2,4080.509555,4080.8,sector100_expansion_5000
TIC 375570995,375570995,100,4074.4,7.054,False,6.306483,processed-lc-v2,4074.322055,4074.4,sector100_expansion_5000
TIC 375729536,375729536,100,4080.8,45.4835,False,0.534238,processed-lc-v2,4074.408158,4080.8,sector100_expansion_5000
TIC 376212372,376212372,100,4080.8,5.7635,False,0.619334,processed-lc-v2,4074.80498,4080.8,sector100_expansion_5000
TIC 376746161,376746161,100,4080.8,23.0197,False,6.675586,processed-lc-v2,4074.85997,4080.8,sector100_expansion_5000
TIC 379133054,379133054,100,4080.8,6.6924,False,6.324068,processed-lc-v2,4074.173367,4080.8,sector100_expansion_5000
TIC 379542809,379542809,100,4074.4,24.6008,True,6.947146,processed-lc-v2,4078.505944,4074.4,sector100_expansion_5000
TIC 380347426,380347426,100,4080.8,13.1015,True,6.249518,processed-lc-v2,4074.534854,4080.8,sector100_expansion_5000
TIC 381035913,381035913,100,4080.8,10.7923,True,9.370814,processed-lc-v2,4080.600488,4080.8,sector100_expansion_5000
TIC 381627825,381627825,100,4080.8,22.3122,True,2.02111,processed-lc-v2,4074.966267,4080.8,sector100_expansion_5000
TIC 381942312,381942312,100,4080.8,9.0479,True,9.426633,processed-lc-v2,4080.798397,4080.8,sector100_expansion_5000
TIC 382393917,382393917,100,4080.8,191.4884,False,0.892084,processed-lc-v2,4074.20256,4080.8,sector100_expansion_5000
TIC 382619722,382619722,100,4080.8,53.7353,False,0.763656,processed-lc-v2,4074.119254,4080.8,sector100_expansion_5000
TIC 382980571,382980571,100,4080.8,5.8561,False,6.177331,processed-lc-v2,4075.165063,4080.8,sector100_expansion_5000
TIC 384423732,384423732,100,4074.4,64.4152,False,0.587702,processed-lc-v2,4074.485087,4074.4,sector100_expansion_5000
TIC 389256752,389256752,100,4080.8,7.0354,False,0.942007,processed-lc-v2,4074.726773,4080.8,sector100_expansion_5000
TIC 389934471,389934471,100,4074.4,273.137,False,0.546558,processed-lc-v2,4074.771983,4074.4,sector100_expansion_5000
TIC 390066015,390066015,100,4080.8,14.6964,False,1.408697,processed-lc-v2,4074.450769,4080.8,sector100_expansion_5000
TIC 390078623,390078623,100,4080.8,4.2625,False,0.569015,processed-lc-v2,4074.122691,4080.8,sector100_expansion_5000
TIC 391808645,391808645,100,4080.8,8.3921,False,1.100136,processed-lc-v2,4074.638292,4080.8,sector100_expansion_5000
TIC 391843469,391843469,100,4080.8,8.8665,False,0.830298,processed-lc-v2,4074.769612,4080.8,sector100_expansion_5000
TIC 392244914,392244914,100,4080.8,6.0926,False,0.560762,processed-lc-v2,4074.14804,4080.8,sector100_expansion_5000
TIC 392244915,392244915,100,4080.8,11.4298,False,0.560779,processed-lc-v2,4074.14804,4080.8,sector100_expansion_5000
TIC 393001368,393001368,100,4080.8,14.4403,True,9.786142,processed-lc-v2,4080.773152,4080.8,sector100_expansion_5000
TIC 394164117,394164117,100,4080.8,10.4126,True,6.493485,processed-lc-v2,4079.946312,4080.8,sector100_expansion_5000
TIC 395300994,395300994,100,4074.4,76.2513,False,0.571641,processed-lc-v2,4074.404437,4074.4,sector100_expansion_5000
TIC 395688038,395688038,100,4080.8,6.225,False,8.294674,processed-lc-v2,4074.697112,4080.8,sector100_expansion_5000
TIC 396826652,396826652,100,4074.4,5.5482,False,0.664493,processed-lc-v2,4074.844009,4074.4,sector100_expansion_5000
TIC 397365827,397365827,100,4080.8,5.4602,False,0.823192,processed-lc-v2,4074.303703,4080.8,sector100_expansion_5000
TIC 397423548,397423548,100,4080.8,5.7254,False,3.851902,processed-lc-v2,4074.009367,4080.8,sector100_expansion_5000
TIC 401181197,401181197,100,4074.4,2136.321,False,0.508134,processed-lc-v2,4074.37901,4074.4,sector100_expansion_5000
TIC 403763751,403763751,100,4080.8,5.2906,False,6.115855,processed-lc-v2,4074.66252,4080.8,sector100_expansion_5000
TIC 404144841,404144841,100,4074.4,117.9898,False,0.894834,processed-lc-v2,4074.427163,4074.4,sector100_expansion_5000
TIC 405382498,405382498,100,4080.8,6.7705,False,4.692069,processed-lc-v2,4074.058137,4080.8,sector100_expansion_5000
TIC 405386564,405386564,100,4080.8,5.6544,False,1.423512,processed-lc-v2,4074.545728,4080.8,sector100_expansion_5000
TIC 405984125,405984125,100,4080.8,6.7103,False,4.859344,processed-lc-v2,4074.8389,4080.8,sector100_expansion_5000
TIC 405984131,405984131,100,4080.8,7.5182,True,0.88716,processed-lc-v2,4074.2764,4080.8,sector100_expansion_5000
TIC 406618658,406618658,100,4074.4,52.5336,False,3.420316,processed-lc-v2,4074.418151,4074.4,sector100_expansion_5000
TIC 406694754,406694754,100,4080.8,5.8448,False,5.989797,processed-lc-v2,4074.010639,4080.8,sector100_expansion_5000
TIC 410062743,410062743,100,4074.4,188.363,False,0.617773,processed-lc-v2,4074.983407,4074.4,sector100_expansion_5000
TIC 410349072,410349072,100,4074.4,5.4577,False,0.999688,processed-lc-v2,4074.680949,4074.4,sector100_expansion_5000
TIC 410427235,410427235,100,4080.8,5.3237,False,1.008533,processed-lc-v2,4075.384329,4080.8,sector100_expansion_5000
TIC 411357190,411357190,100,4074.4,47.8438,True,2.197032,processed-lc-v2,4074.769619,4074.4,sector100_expansion_5000
TIC 411505379,411505379,100,4074.4,16.4722,True,9.265873,processed-lc-v2,4080.857484,4074.4,sector100_expansion_5000
TIC 411614049,411614049,100,4080.8,12.8696,False,6.329667,processed-lc-v2,4074.214338,4080.8,sector100_expansion_5000
TIC 411689184,411689184,100,4080.8,17.0095,True,1.759878,processed-lc-v2,4074.261052,4080.8,sector100_expansion_5000
TIC 411873161,411873161,100,4074.4,57.1351,False,0.659472,processed-lc-v2,4074.746583,4074.4,sector100_expansion_5000
TIC 411874804,411874804,100,4074.4,121.6033,False,0.550334,processed-lc-v2,4074.468832,4074.4,sector100_expansion_5000
TIC 411885590,411885590,100,4080.8,12.5338,False,1.39584,processed-lc-v2,4074.378868,4080.8,sector100_expansion_5000
TIC 412750979,412750979,100,4080.8,14.8745,True,9.387345,processed-lc-v2,4080.821148,4080.8,sector100_expansion_5000
TIC 418282828,418282828,100,4074.4,164.021,False,1.369634,processed-lc-v2,4074.445854,4074.4,sector100_expansion_5000
TIC 419779703,419779703,100,4074.4,53.9765,False,0.779057,processed-lc-v2,4074.822656,4074.4,sector100_expansion_5000
TIC 419788533,419788533,100,4080.8,18.5981,True,1.989857,processed-lc-v2,4075.796442,4080.8,sector100_expansion_5000
TIC 419856245,419856245,100,4074.4,107.5801,False,0.788069,processed-lc-v2,4074.379611,4074.4,sector100_expansion_5000
TIC 422278180,422278180,100,4080.8,5.9778,False,3.538638,processed-lc-v2,4077.784001,4080.8,sector100_expansion_5000
TIC 423455404,423455404,100,4080.8,15.0554,True,5.124507,processed-lc-v2,4077.028378,4080.8,sector100_expansion_5000
TIC 429305307,429305307,100,4074.4,10.784,True,6.401164,processed-lc-v2,4080.894344,4074.4,sector100_expansion_5000
TIC 433545984,433545984,100,4080.8,58.9573,False,1.003853,processed-lc-v2,4074.599118,4080.8,sector100_expansion_5000
TIC 434496902,434496902,100,4080.8,5.2702,False,7.287654,processed-lc-v2,4079.447253,4080.8,sector100_expansion_5000
TIC 435985984,435985984,100,4074.4,94.0517,False,0.55075,processed-lc-v2,4074.404176,4074.4,sector100_expansion_5000
TIC 437266963,437266963,100,4074.4,5.4359,False,1.066161,processed-lc-v2,4075.14339,4074.4,sector100_expansion_5000
TIC 437607593,437607593,100,4080.8,77.9887,False,1.15677,processed-lc-v2,4074.782578,4080.8,sector100_expansion_5000
TIC 442792686,442792686,100,4080.8,21.9138,False,1.083551,processed-lc-v2,4074.807335,4080.8,sector100_expansion_5000
TIC 446850121,446850121,100,4074.4,66.9109,True,6.248247,processed-lc-v2,4074.489969,4074.4,sector100_expansion_5000
TIC 447290869,447290869,100,4080.8,18.6723,True,9.27953,processed-lc-v2,4080.852315,4080.8,sector100_expansion_5000
TIC 448186109,448186109,100,4074.4,26.6666,True,6.952197,processed-lc-v2,4078.686747,4074.4,sector100_expansion_5000
TIC 448415687,448415687,100,4080.8,5.5878,False,0.509794,processed-lc-v2,4074.702368,4080.8,sector100_expansion_5000
TIC 448472110,448472110,100,4074.4,110.4633,False,0.601507,processed-lc-v2,4074.354434,4074.4,sector100_expansion_5000
TIC 448493902,448493902,100,4074.4,15.8327,False,1.216509,processed-lc-v2,4074.419031,4074.4,sector100_expansion_5000
TIC 448641600,448641600,100,4074.4,4.4904,False,0.787041,processed-lc-v2,4074.698374,4074.4,sector100_expansion_5000
TIC 448695927,448695927,100,4080.8,5.9295,False,0.741794,processed-lc-v2,4074.318252,4080.8,sector100_expansion_5000
TIC 448888137,448888137,100,4080.8,9.3346,True,6.490526,processed-lc-v2,4080.049218,4080.8,sector100_expansion_5000
TIC 449471651,449471651,100,4074.4,17.4236,True,9.46909,processed-lc-v2,4080.844723,4074.4,sector100_expansion_5000
TIC 449557403,449557403,100,4080.8,7.123,False,0.511464,processed-lc-v2,4074.235298,4080.8,sector100_expansion_5000
TIC 449557444,449557444,100,4080.8,17.4097,True,6.806364,processed-lc-v2,4079.581131,4080.8,sector100_expansion_5000
TIC 450698581,450698581,100,4080.8,49.4611,False,1.851614,processed-lc-v2,4075.45244,4080.8,sector100_expansion_5000
TIC 450793267,450793267,100,4080.8,20.9806,False,2.453957,processed-lc-v2,4074.946175,4080.8,sector100_expansion_5000
TIC 450915843,450915843,100,4080.8,42.3716,True,1.740499,processed-lc-v2,4075.129588,4080.8,sector100_expansion_5000
TIC 450918676,450918676,100,4080.8,11.0678,False,0.771919,processed-lc-v2,4074.620195,4080.8,sector100_expansion_5000
TIC 450931870,450931870,100,4080.8,6.2269,False,1.65944,processed-lc-v2,4074.870361,4080.8,sector100_expansion_5000
TIC 450988149,450988149,100,4074.4,34.7244,True,1.909863,processed-lc-v2,4075.543958,4074.4,sector100_expansion_5000
TIC 451348735,451348735,100,4080.8,5.8952,False,3.339834,processed-lc-v2,4076.517164,4080.8,sector100_expansion_5000
TIC 451670151,451670151,100,4080.8,7.2533,True,6.920057,processed-lc-v2,4078.599232,4080.8,sector100_expansion_5000
TIC 451670179,451670179,100,4080.8,24.3961,True,6.089206,processed-lc-v2,4075.017981,4080.8,sector100_expansion_5000
TIC 451994763,451994763,100,4074.4,85.9077,False,0.94774,processed-lc-v2,4074.338656,4074.4,sector100_expansion_5000
TIC 452166927,452166927,100,4080.8,26.4442,False,2.20439,processed-lc-v2,4075.492417,4080.8,sector100_expansion_5000
TIC 454016251,454016251,100,4080.8,12.5868,False,0.743652,processed-lc-v2,4074.224215,4080.8,sector100_expansion_5000
TIC 456983505,456983505,100,4074.4,947.8237,False,0.517348,processed-lc-v2,4074.377082,4074.4,sector100_expansion_5000
TIC 460549091,460549091,100,4080.8,41.6501,False,1.146075,processed-lc-v2,4074.12012,4080.8,sector100_expansion_5000
TIC 460716540,460716540,100,4080.8,112.4601,False,1.527921,processed-lc-v2,4075.208676,4080.8,sector100_expansion_5000
TIC 460786061,460786061,100,4080.8,22.4349,False,6.357128,processed-lc-v2,4080.186601,4080.8,sector100_expansion_5000
TIC 461190022,461190022,100,4080.8,6.9264,False,4.481396,processed-lc-v2,4076.378208,4080.8,sector100_expansion_5000
TIC 461190024,461190024,100,4080.8,6.1914,False,0.963716,processed-lc-v2,4074.764666,4080.8,sector100_expansion_5000
TIC 461196559,461196559,100,4080.8,8.3323,False,1.046274,processed-lc-v2,4074.2417,4080.8,sector100_expansion_5000
TIC 466285092,466285092,100,4080.8,20.3924,True,6.637525,processed-lc-v2,4079.952147,4080.8,sector100_expansion_5000
TIC 467558608,467558608,100,4080.8,6.6214,False,0.554093,processed-lc-v2,4074.275721,4080.8,sector100_expansion_5000
TIC 876166854,876166854,100,4074.4,5.5517,False,0.664493,processed-lc-v2,4074.844009,4074.4,sector100_expansion_5000
TIC 934105953,934105953,100,4080.8,7.9594,False,0.999855,processed-lc-v2,4074.485038,4080.8,sector100_expansion_5000
TIC 940092729,940092729,100,4080.8,4.2825,False,0.509624,processed-lc-v2,4074.204376,4080.8,sector100_expansion_5000
TIC 942175310,942175310,100,4080.8,5.6443,False,9.616044,processed-lc-v2,4074.681033,4080.8,sector100_expansion_5000
TIC 950961404,950961404,100,4080.8,6.4994,False,6.812986,processed-lc-v2,4080.72554,4080.8,sector100_expansion_5000
TIC 951044467,951044467,100,4080.8,5.2838,False,1.731172,processed-lc-v2,4075.499697,4080.8,sector100_expansion_5000
TIC 955210099,955210099,100,4080.8,9.8811,True,9.241992,processed-lc-v2,4080.795318,4080.8,sector100_expansion_5000
TIC 957424539,957424539,100,4080.8,9.6505,True,9.143611,processed-lc-v2,4080.795527,4080.8,sector100_expansion_5000
TIC 1012535693,1012535693,100,4080.8,7.4386,True,6.979421,processed-lc-v2,4078.928578,4080.8,sector100_expansion_5000
