target,tic_id,sector,sectors,tmag,ra_deg,dec_deg,camera,ccd,teff_k,stellar_radius_solar,stellar_mass_solar,distance_pc,luminosity_class,stellar_selection_tier,small_planet_merit,selection_rank
TIC 54144488,54144488,100,100,12.95,160.4363,-31.2003,1,1,2944.0,0.152435,0.124492,18.3467,DWARF,0,0.956169,1
TIC 20325775,20325775,100,100,12.01,167.4723,-24.2491,1,2,3066.0,0.207213,0.176174,17.5205,DWARF,0,1.034834,2
TIC 148563078,148563078,100,100,11.35,164.6152,-10.7757,1,3,3088.0,0.224442,0.193752,14.4544,DWARF,0,0.972208,3
TIC 289706625,289706625,100,100,10.42,146.2233,-12.3481,1,4,3003.0,0.309432,,13.1228,DWARF,0,1.06513,4
TIC 303301402,303301402,100,100,12.09,159.5597,-49.5665,2,1,3061.0,0.165067,,14.4667,DWARF,0,0.853321,5
TIC 73232846,73232846,100,100,9.74,190.185,-43.5614,2,2,3341.0,0.220487,0.189664,8.04625,DWARF,0,0.634766,6
TIC 454012528,454012528,100,100,10.22,175.3441,-36.4073,2,3,3156.0,0.210137,0.179114,8.67849,DWARF,0,0.689005,7
TIC 146714732,146714732,100,100,13.54,160.0218,-42.1269,2,4,3122.0,0.222603,,40.1635,DWARF,0,1.403062,8
TIC 419692115,419692115,100,100,10.73,191.4733,-55.1149,3,1,3136.0,0.203777,,10.1828,DWARF,0,0.76431,9
TIC 375841179,375841179,100,100,7.09,178.7587,-56.0985,3,2,5670.0,0.864261,1.01,31.0482,DWARF,0,1.29129,10
TIC 328591096,328591096,100,100,10.77,190.5644,-71.639,3,3,3249.0,0.264253,0.236442,14.4447,DWARF,0,0.99804,11
TIC 448465432,448465432,100,100,9.3,211.0424,-66.243,3,4,3432.0,0.413428,,24.5677681,DWARF,0,1.0928,12
TIC 402834325,402834325,100,100,7.16,249.2116,-65.5863,4,1,6200.06,1.12215,1.19,48.8522,DWARF,0,1.532102,13
TIC 449046160,449046160,100,100,12.11,215.564,-70.3967,4,2,2985.0,0.153296,0.125257,12.8553,DWARF,0,0.793062,14
TIC 381983159,381983159,100,100,12.63,283.9589,-69.2425,4,3,2835.0,0.135559,,11.6079,DWARF,0,0.790257,15
TIC 75160399,75160399,100,100,8.37,266.6276,-57.3289,4,4,3386.0,0.291681,0.267154,5.88616,DWARF,0,0.603816,16
TIC 408438072,408438072,100,100,11.94,161.4639,-23.1512,1,1,3038.0,0.201625,,16.3261,DWARF,0,0.997089,17
TIC 219246754,219246754,100,100,12.5,171.3701,-19.0326,1,2,3086.0,0.20085,,21.5539,DWARF,0,1.105744,18
TIC 286332367,286332367,100,100,13.53,170.5485,-11.5379,1,3,2908.0,0.162217,,24.1254,DWARF,0,1.126193,19
TIC 396823875,396823875,100,100,10.91,148.1732,-15.6048,1,4,3315.0,0.27975,,17.6284,DWARF,0,1.07554,20
TIC 272649679,272649679,100,100,11.8,161.3762,-50.9912,2,1,3162.0,0.291077,,25.1736,DWARF,0,1.288016,21
TIC 22247626,22247626,100,100,12.3,183.6589,-46.0557,2,2,2967.0,0.175375,0.145354,15.646,DWARF,0,0.947935,22
TIC 448744245,448744245,100,100,12.32,182.444,-32.2227,2,3,3158.0,0.203424,,21.3005,DWARF,0,1.080804,23
TIC 54147357,54147357,100,100,12.87,160.5651,-33.4389,2,4,3277.0,0.274786,0.248134,41.3535,DWARF,0,1.451989,24
TIC 271946648,271946648,100,100,10.55,187.3822,-55.9995,3,1,3227.0,0.258143,0.229726,13.0701,DWARF,0,0.933721,25
TIC 317385747,317385747,100,100,11.14,172.5749,-59.987,3,2,3398.0,0.392529,,30.3168,DWARF,0,1.415743,26
TIC 341787179,341787179,100,100,11.94,203.5376,-71.3667,3,3,3023.0,0.204262,,16.76,DWARF,0,1.008375,27
TIC 332286707,332286707,100,100,9.02,212.7888,-61.9301,3,4,3727.0,0.53071,0.527574,19.6133,DWARF,0,1.253715,28
TIC 363596599,363596599,100,100,9.67,249.7907,-68.3861,4,1,4584.0,0.688399,0.72,52.628,DWARF,0,1.60968,29
TIC 384667852,384667852,100,100,11.81,256.6997,-82.1968,4,2,3234.0,0.268109,0.240706,23.8661,DWARF,0,1.218623,30
TIC 276834958,276834958,100,100,9.74,272.8158,-78.9875,4,3,3132.0,0.355825,,,DWARF,0,1.050473,31
TIC 447382925,447382925,100,100,11.32,251.9859,-65.154,4,4,3249.0,0.20576,0.174719,14.5807,DWARF,0,0.890722,32
TIC 188087958,188087958,100,100,11.77,161.6375,-24.5873,1,1,3407.0,0.227206,0.196627,21.262,DWARF,0,1.06684,33
TIC 335380087,335380087,100,100,12.54,169.948,-16.5435,1,2,3015.0,0.219294,,23.8476,DWARF,0,1.190053,34
TIC 148498810,148498810,100,100,11.02,163.8917,-9.3539,1,3,3307.0,0.289271,0.264424,19.2346,DWARF,0,1.12661,35
TIC 179279545,179279545,100,100,13.79,159.2586,-18.4625,1,4,3013.0,0.152397,,28.459,DWARF,0,1.123953,36
TIC 273052736,273052736,100,100,12.99,170.6268,-49.1636,2,1,3113.0,0.253353,,,DWARF,0,1.405452,37
TIC 454073466,454073466,100,100,11.38,176.3947,-40.9339,2,2,3184.0,0.228827,,15.842,DWARF,0,0.995015,38
TIC 57186214,57186214,100,100,12.88,170.706,-31.6789,2,3,3145.0,0.18799,,25.3172,DWARF,0,1.124269,39
TIC 287301013,287301013,100,100,9.39,165.0128,-35.1117,2,4,3713.0,0.62031,0.604352,32.6475067,DWARF,0,1.463218,40
TIC 256911677,256911677,100,100,10.93,200.5163,-55.0174,3,1,3232.0,0.245323,,14.5884,DWARF,0,0.965477,41
TIC 379773579,379773579,100,100,11.38,181.332,-64.6973,3,2,3488.0,0.423353,0.417574,38.985,DWARF,0,1.529405,42
TIC 361871362,361871362,100,100,12.54,195.9323,-72.557,3,3,3191.0,0.251083,0.222034,30.7515,DWARF,0,1.307635,43
TIC 209828398,209828398,100,100,11.71,210.9593,-59.3988,3,4,3485.0,0.298055,,30.1577,DWARF,0,1.290593,44
TIC 1206529116,1206529116,100,100,11.78,249.1781,-66.3892,4,1,3838.0,0.446324,0.59,58.4397,DWARF,0,1.6553,45
TIC 384490072,384490072,100,100,12.37,252.6662,-78.3359,4,2,3281.0,0.245367,,28.5825,DWARF,0,1.253632,46
TIC 292749585,292749585,100,100,11.45,274.8139,-77.0513,4,3,3269.0,0.26579,0.238139,21.3747,DWARF,0,1.139077,47
TIC 74188694,74188694,100,100,10.08,264.6357,-58.5453,4,4,3352.0,0.359816,,16.3287,DWARF,0,1.128161,48
TIC 308984536,308984536,100,100,12.16,150.8982,-27.2954,1,1,3259.0,0.245879,,26.3491,DWARF,0,1.213443,49
TIC 410407964,410407964,100,100,8.67,166.8636,-19.2918,1,2,3827.0,0.564998,0.558547,18.7168,DWARF,0,1.238094,50
TIC 333794492,333794492,100,100,11.18,169.274,-11.3748,1,3,3300.0,0.285621,,19.9821,DWARF,0,1.14758,51
TIC 36877906,36877906,100,100,12.7,156.2586,-9.0898,1,4,3142.0,0.196692,0.165744,25.1823,DWARF,0,1.127573,52
TIC 80938947,80938947,100,100,13.05,166.2091,-48.8952,2,1,3232.0,0.300053,,49.0596,DWARF,0,1.564396,53
TIC 165630168,165630168,100,100,11.1,181.0678,-40.6356,2,2,3384.0,0.290069,,20.5649,DWARF,0,1.145003,54
TIC 152366332,152366332,100,100,11.64,171.097,-39.0133,2,3,3250.0,0.27115,0.244083,22.2747,DWARF,0,1.194419,55
TIC 106756298,106756298,100,100,13.43,160.7694,-40.8173,2,4,3201.0,0.254024,0.225229,46.6904,DWARF,0,1.49575,56
TIC 273342620,273342620,100,100,11.18,188.6605,-54.2508,3,1,3312.0,0.340518,0.323247,24.8262,DWARF,0,1.30028,57
TIC 467558608,467558608,100,100,12.11,168.8106,-65.1104,3,2,3411.0,0.378217,0.366699,44.333,DWARF,0,1.577482,58
TIC 448186109,448186109,100,100,9.99,208.7213,-71.3642,3,3,3509.0,0.462766,,22.8364,DWARF,0,1.328723,59
TIC 209828429,209828429,100,100,11.7,211.0014,-59.4023,3,4,3486.0,0.299168,0.275669,30.1693,DWARF,0,1.29183,60
TIC 258603530,258603530,100,100,8.02,221.9893,-67.8388,4,1,5880.0,1.09644,1.07,64.2075,DWARF,0,1.68397,61
TIC 395744004,395744004,100,100,7.49,208.8314,-76.271,4,2,5049.07,0.76258,0.84,26.4945,DWARF,0,1.262571,62
TIC 256097450,256097450,100,100,10.51,267.1169,-74.4625,4,3,3431.0,0.338157,0.320517,19.2541,DWARF,0,1.160237,63
TIC 74185907,74185907,100,100,12.12,264.6727,-59.7085,4,4,3185.0,0.251972,0.222998,25.5313,DWARF,0,1.226705,64
TIC 192941085,192941085,100,100,13.71,154.7539,-26.7762,1,1,3101.0,0.199514,,38.383,DWARF,0,1.341947,65
TIC 393419874,393419874,100,100,11.87,164.6824,-25.9047,1,2,3354.0,0.288779,0.263867,28.4048,DWARF,0,1.295131,66
TIC 181804752,181804752,100,100,13.56,165.6898,-16.4066,1,3,2949.0,0.17143,,26.4927,DWARF,0,1.180174,67
TIC 334736511,334736511,100,100,11.41,157.5428,-15.435,1,4,3396.0,0.282761,0.257076,23.5934,DWARF,0,1.184839,68
TIC 92763631,92763631,100,100,9.38,173.9745,-49.605,2,1,4451.0,0.739984,0.7,46.3324,DWARF,0,1.614445,69
TIC 22850303,22850303,100,100,11.14,185.9083,-46.1057,2,2,3289.0,0.322272,,22.9056,DWARF,0,1.244445,70
TIC 277958255,277958255,100,100,13.07,177.759,-36.1964,2,3,3051.0,0.207913,0.176876,28.6586,DWARF,0,1.249763,71
TIC 151639642,151639642,100,100,10.9,166.9214,-36.1002,2,4,3538.0,0.470157,,36.7915,DWARF,0,1.524486,72
TIC 403956193,403956193,100,100,11.49,188.5855,-53.5007,3,1,3292.0,0.322928,,25.8959,DWARF,0,1.316211,73
TIC 401143496,401143496,100,100,7.22,186.0432,-57.9186,3,2,6109.0,1.19197,1.15,51.7514,DWARF,0,1.596531,74
TIC 395294553,395294553,100,100,11.36,205.2301,-72.2153,3,3,3575.0,0.45073,,43.2425,DWARF,0,1.579833,75
TIC 186085740,186085740,100,100,9.52,220.0002,-56.915,3,4,3882.0,0.528203,0.525227,25.6314,DWARF,0,1.349602,76
TIC 342609764,342609764,100,100,7.38,240.1506,-61.3056,4,1,5881.02,1.30461,1.07,57.1364,DWARF,0,1.706961,77
TIC 401487114,401487114,100,100,11.11,215.1512,-75.2685,4,2,3244.0,0.357737,0.343143,,DWARF,0,1.329128,78
TIC 256097445,256097445,100,100,10.23,267.1153,-74.4666,4,3,3470.0,0.374096,0.361974,19.266,DWARF,0,1.191966,79
TIC 172889501,172889501,100,100,12.23,256.9485,-59.5233,4,4,3204.0,0.247532,0.218194,26.2534,DWARF,0,1.233263,80
TIC 54109992,54109992,100,100,10.88,160.3532,-30.0251,1,1,3562.0,0.411941,0.404894,30.8946,DWARF,0,1.40567,81
TIC 308094988,308094988,100,100,12.52,168.1056,-17.776,1,2,3255.0,0.251496,,31.5577,DWARF,0,1.305062,82
TIC 453465810,453465810,100,100,9.2,170.024,-10.4962,1,3,3582.0,0.50961,0.507473,18.8973,DWARF,0,1.254476,83
TIC 192543860,192543860,100,100,12.47,154.5474,-20.4717,1,4,3079.0,0.238938,,25.4199,DWARF,0,1.25057,84
TIC 81699706,81699706,100,100,9.81,167.945,-48.7728,2,1,5045.74,0.673358,0.84,68.4799,DWARF,0,1.618492,85
TIC 73305532,73305532,100,100,10.07,190.261,-46.9236,2,2,3536.0,0.41845,,21.2197,DWARF,0,1.257287,86
TIC 142389148,142389148,100,100,11.8,181.7411,-35.0165,2,3,3162.0,0.292099,,40.6544952,DWARF,0,1.29106,87
TIC 102689293,102689293,100,100,12.54,155.4598,-41.9827,2,4,3268.0,0.322307,,42.8547,DWARF,0,1.524539,88
TIC 255848989,255848989,100,100,12.31,186.0993,-53.6529,3,1,3113.0,0.29179,,31.3206,DWARF,0,1.392141,89
TIC 405382498,405382498,100,100,9.61,184.1496,-57.5992,3,2,4547.0,0.692976,0.72,50.554,DWARF,0,1.603436,90
TIC 359578644,359578644,100,100,12.51,183.8592,-72.5016,3,3,3454.0,0.385814,,57.8519,DWARF,0,1.674756,91
TIC 393001368,393001368,100,100,10.9,218.4721,-61.1518,3,4,3543.0,0.410113,0.40285,30.6424,DWARF,0,1.405807,92
TIC 363265095,363265095,100,100,11.57,248.5785,-69.1537,4,1,3313.0,0.507862,,50.0116,DWARF,0,1.725491,93
TIC 402683652,402683652,100,100,12.43,224.006,-72.6625,4,2,3136.0,0.30821,,,DWARF,0,1.463693,94
TIC 466696103,466696103,100,100,13.34,296.8164,-76.7832,4,3,2953.0,0.19207,0.161238,28.2868,DWARF,0,1.234919,95
TIC 306980405,306980405,100,100,12.99,266.6243,-62.5978,4,4,3219.0,0.221741,,33.1333,DWARF,0,1.289692,96
TIC 187922557,187922557,100,100,9.92,159.1166,-28.4543,1,1,3540.0,0.521637,,25.9614,DWARF,0,1.418737,97
TIC 437253099,437253099,100,100,11.55,169.8432,-19.0083,1,2,3297.0,0.322347,,44.6407433,DWARF,0,1.326647,98
TIC 55240194,55240194,100,100,10.56,163.6735,-7.3121,1,3,3237.0,0.380591,,23.85205,DWARF,0,1.272917,99
TIC 36724087,36724087,100,100,10.59,154.6439,-11.7185,1,4,3331.0,0.374139,0.362023,21.9814,DWARF,0,1.264066,100
TIC 94637805,94637805,100,100,7.74,177.7872,-51.8763,2,1,5622.0,1.1091,,53.1016,DWARF,0,1.637941,101
TIC 461196758,461196758,100,100,12.87,181.3778,-41.0833,2,2,3312.0,0.227744,,33.7291,DWARF,0,1.288894,102
TIC 448695529,448695529,100,100,12.89,177.5719,-34.1191,2,3,3187.0,0.233119,,33.1468,DWARF,0,1.313155,103
TIC 54253554,54253554,100,100,13.26,161.1997,-34.7174,2,4,3228.0,0.273869,,48.2369,DWARF,0,1.527086,104
TIC 166563449,166563449,100,100,8.7,192.8458,-48.1026,3,1,5154.65,0.787942,,49.4962,DWARF,0,1.532989,105
TIC 405379901,405379901,100,100,10.06,184.1025,-58.1564,3,2,4188.0,0.625968,,45.824,DWARF,0,1.605104,106
TIC 359578645,359578645,100,100,11.88,183.8385,-72.5015,3,3,3623.0,0.459217,,57.6795,DWARF,0,1.700036,107
TIC 393001369,393001369,100,100,10.9,218.4778,-61.1526,3,4,3537.0,0.414303,0.40753,30.59,DWARF,0,1.414636,108
TIC 363527063,363527063,100,100,12.61,249.526,-67.1621,4,1,3233.0,0.40267,,57.8914,DWARF,0,1.731899,109
TIC 291449009,291449009,100,100,13.09,247.9433,-79.4323,4,2,3265.0,0.278781,0.252605,47.1637,DWARF,0,1.508526,110
TIC 343404892,343404892,100,100,12.24,268.3845,-74.0641,4,3,3188.0,0.259543,0.23126,27.9032,DWARF,0,1.276419,111
TIC 447627656,447627656,100,100,8.03,254.2174,-60.9565,4,4,5271.0,0.834042,0.9,40.2077,DWARF,0,1.448376,112
TIC 179294885,179294885,100,100,13.53,159.5065,-21.9064,1,1,3182.0,0.234209,,44.5258,DWARF,0,1.445207,113
TIC 32610018,32610018,100,100,12.75,175.6003,-25.361,1,2,3353.0,0.256232,,37.159,DWARF,0,1.367267,114
TIC 305567403,305567403,100,100,13.04,163.5952,-15.1194,1,3,3000.0,0.245605,,33.8062,DWARF,0,1.388474,115
TIC 308841579,308841579,100,100,9.83,152.4034,-17.8069,1,4,3569.0,0.450915,,21.3872,DWARF,0,1.274189,116
TIC 162809834,162809834,100,100,10.6,171.4086,-47.6624,2,1,3770.0,0.58798,,46.3799,DWARF,0,1.658725,117
TIC 73794653,73794653,100,100,12.03,192.4766,-45.0817,2,2,3286.0,0.277391,0.251047,28.1585,DWARF,0,1.292185,118
TIC 142210952,142210952,100,100,13.24,180.3575,-35.0318,2,3,3195.0,0.228548,,37.4448,DWARF,0,1.365955,119
TIC 178614175,178614175,100,100,8.09,165.6898,-42.2068,2,4,5941.98,0.965051,,59.7181,DWARF,0,1.587101,120
TIC 401283888,401283888,100,100,10.2,187.989,-50.5459,3,1,3575.0,0.559671,,,DWARF,0,1.535866,121
TIC 268129495,268129495,100,100,9.1,176.4645,-55.3461,3,2,4387.0,0.783102,,41.5839,DWARF,0,1.607637,122
TIC 341051535,341051535,100,100,9.91,202.6287,-71.2524,3,3,4619.0,0.723725,,62.6956,DWARF,0,1.701147,123
TIC 316577292,316577292,100,100,13.11,203.5712,-63.2411,3,4,3153.0,0.274551,,43.1787,DWARF,0,1.499246,124
TIC 258603532,258603532,100,100,10.11,221.9927,-67.8382,4,1,4450.0,0.737508,0.7,64.4457,DWARF,0,1.757533,125
TIC 263350818,263350818,100,100,9.92,230.9983,-70.9034,4,2,3725.0,0.595305,,34.3916,DWARF,0,1.533479,126
TIC 467939527,467939527,100,100,11.87,283.8103,-71.2525,4,3,3180.0,0.314669,0.293421,28.2594,DWARF,0,1.369708,127
TIC 447627658,447627658,100,100,8.73,254.2124,-60.9565,4,4,4741.0,0.74987,0.76,40.1359,DWARF,0,1.495972,128
TIC 179240547,179240547,100,100,13.1,159.0372,-20.7323,1,1,3270.0,0.259362,0.231062,42.7461,DWARF,0,1.447813,129
TIC 434495227,434495227,100,100,12.26,172.9046,-22.7089,1,2,3323.0,0.29085,0.266213,34.0986,DWARF,0,1.379338,130
TIC 148612264,148612264,100,100,12.28,165.3759,-10.1213,1,3,3273.0,0.299788,,34.2971,DWARF,0,1.409628,131
TIC 308841571,308841571,100,100,9.63,152.4018,-17.841,1,4,3624.0,0.47378,,21.3983,DWARF,0,1.277153,132
TIC 304234457,304234457,100,100,11.48,165.0343,-56.1227,2,1,3719.0,0.480816,,50.594,DWARF,0,1.659958,133
TIC 72818359,72818359,100,100,8.88,188.7203,-47.2892,2,2,4855.0,0.693223,0.79,42.7235,DWARF,0,1.457746,134
TIC 429165846,429165846,100,100,13.02,177.2051,-28.5571,2,3,3001.0,0.244254,,35.0254,DWARF,0,1.379683,135
TIC 158588995,158588995,100,100,11.88,164.586,-36.8581,2,4,3411.0,0.421944,,46.0851,DWARF,0,1.62651,136
TIC 260647166,260647166,100,100,8.65,186.5737,-51.3632,3,1,5723.87,0.864173,1.02,64.5978,DWARF,0,1.603201,137
TIC 281650462,281650462,100,100,9.49,170.4986,-60.4044,3,2,5367.0,0.788214,0.93,77.0766,DWARF,0,1.691288,138
TIC 394672497,394672497,100,100,9.62,201.7498,-73.5942,3,3,4554.0,0.774212,,56.8792,DWARF,0,1.70172,139
TIC 394053465,394053465,100,100,10.84,218.6649,-64.7852,3,4,3518.0,0.506331,0.504278,38.3709,DWARF,0,1.576869,140
TIC 258406641,258406641,100,100,8.32,221.5882,-67.7713,4,1,6056.0,1.15827,,82.1017,DWARF,0,1.79162,141
TIC 426547985,426547985,100,100,13.46,245.4853,-77.161,4,2,3126.0,0.267868,,48.8111,DWARF,0,1.547842,142
TIC 292292038,292292038,100,100,12.27,278.6708,-68.5537,4,3,3307.0,0.288744,0.263827,33.5373,DWARF,0,1.375026,143
TIC 293963713,293963713,100,100,11.66,264.0605,-67.9368,4,4,3301.0,0.385324,,35.6616,DWARF,0,1.503652,144
TIC 193023697,193023697,100,100,8.6,155.5978,-28.8474,1,1,5039.0,0.740247,0.84,42.6435,DWARF,0,1.458753,145
TIC 410427235,410427235,100,100,11.91,167.3678,-20.0754,1,2,3481.0,0.318424,0.297741,34.9222,DWARF,0,1.388012,146
TIC 385230656,385230656,100,100,12.46,167.1113,-14.1126,1,3,3202.0,0.295449,,35.7417,DWARF,0,1.432965,147
TIC 332657786,332657786,100,100,13.0,149.992,-16.1603,1,4,3275.0,0.234967,,38.6057,DWARF,0,1.342014,148
TIC 82774204,82774204,100,100,10.76,170.1631,-50.1834,2,1,3822.0,0.57808,,48.5121,DWARF,0,1.675976,149
TIC 135454073,135454073,100,100,12.13,187.8314,-40.3099,2,2,3229.0,0.335841,,49.15025,DWARF,0,1.478267,150
TIC 142098917,142098917,100,100,7.2,179.1809,-32.2675,2,3,5641.0,0.954976,,35.4926,DWARF,0,1.399985,151
TIC 102840239,102840239,100,100,9.36,155.872,-43.8349,2,4,4953.89,0.759387,,59.7117,DWARF,0,1.632926,152
TIC 160833480,160833480,100,100,9.46,189.6098,-51.7173,3,1,5063.0,0.758572,,65.2019,DWARF,0,1.651994,153
TIC 271818417,271818417,100,100,12.63,187.0518,-59.761,3,2,3323.0,0.387814,,56.8642,DWARF,0,1.703247,154
TIC 448513620,448513620,100,100,8.9,211.0986,-68.9465,3,3,4725.0,0.926175,,53.155,DWARF,0,1.713386,155
TIC 331965788,331965788,100,100,11.09,212.7229,-65.3618,3,4,3618.0,0.480303,,42.6639,DWARF,0,1.581031,156
TIC 340101519,340101519,100,100,7.32,237.8707,-64.1817,4,1,6441.63,1.47431,,72.4333,DWARF,0,1.801178,157
TIC 402751959,402751959,100,100,8.37,224.6846,-75.5485,4,2,5753.7,0.877673,,58.54,DWARF,0,1.560665,158
TIC 423211395,423211395,100,100,11.94,286.9792,-79.3992,4,3,3367.0,0.318649,,33.5336,DWARF,0,1.394625,159
TIC 293798090,293798090,100,100,13.6,263.5396,-66.745,4,4,3241.0,0.263843,,54.4638,DWARF,0,1.562691,160
TIC 413303214,413303214,100,100,13.18,160.2813,-21.245,1,1,3226.0,0.265513,,43.8896,DWARF,0,1.484172,161
TIC 20500669,20500669,100,100,12.44,169.0769,-25.8244,1,2,3164.0,0.288385,,31.5702,DWARF,0,1.407945,162
TIC 347591983,347591983,100,100,12.44,168.6385,-13.827,1,3,3441.0,0.303428,,41.327,DWARF,0,1.452111,163
TIC 332705803,332705803,100,100,12.02,150.2019,-12.5059,1,4,3316.0,0.301835,,31.5828,DWARF,0,1.363539,164
TIC 304234452,304234452,100,100,11.49,165.0353,-56.1214,2,1,3561.0,0.490557,,50.4815,DWARF,0,1.679379,165
TIC 454017386,454017386,100,100,8.36,175.4525,-40.574,2,2,5040.0,0.919741,,47.4242,DWARF,0,1.599331,166
TIC 142098919,142098919,100,100,7.06,179.1748,-32.2682,2,3,5742.0,0.986414,,35.477,DWARF,0,1.400118,167
TIC 152109597,152109597,100,100,10.74,169.7083,-39.4731,2,4,3793.0,0.562213,,47.517,DWARF,0,1.647802,168
TIC 333772196,333772196,100,100,11.28,182.112,-52.2399,3,1,3689.0,0.529529,,54.1438,DWARF,0,1.703779,169
TIC 66932406,66932406,100,100,10.48,181.2938,-54.1215,3,2,3591.0,0.64189,,,DWARF,0,1.710921,170
TIC 338546417,338546417,100,100,13.32,198.5634,-70.3677,3,3,3103.0,0.336595,,58.6423,DWARF,0,1.718215,171
TIC 334768935,334768935,100,100,10.46,213.9317,-61.7036,3,4,3776.0,0.576302,,42.2132,DWARF,0,1.6133,172
TIC 424713519,424713519,100,100,12.66,236.7827,-65.5333,4,1,3514.0,0.437771,,72.4228,DWARF,0,1.814494,173
TIC 300951068,300951068,100,100,11.9,242.2901,-75.6434,4,2,3302.0,0.391964,,58.16209,DWARF,0,1.566492,174
TIC 343998246,343998246,100,100,12.07,277.2186,-73.903,4,3,3467.0,0.310239,,36.2084,DWARF,0,1.397393,175
TIC 307235539,307235539,100,100,12.95,267.5749,-63.3599,4,4,3228.0,0.315103,,48.8989,DWARF,0,1.586905,176
TIC 22221375,22221375,100,100,7.36,149.1229,-24.099,1,1,5940.41,1.03399,,45.683,DWARF,0,1.501033,177
TIC 20324932,20324932,100,100,8.01,167.3772,-25.9912,1,2,5470.0,0.807751,,41.3624,DWARF,0,1.416555,178
TIC 308094532,308094532,100,100,12.86,168.1129,-16.1784,1,3,3415.0,0.283092,,44.6888,DWARF,0,1.475855,179
TIC 192543856,192543856,100,100,10.91,154.5546,-20.4773,1,4,3091.0,0.425228,,25.3086,DWARF,0,1.439244,180
TIC 91474396,91474396,100,100,9.97,170.9444,-52.9608,2,1,3948.0,0.699602,,48.0072,DWARF,0,1.683702,181
TIC 102045344,102045344,100,100,8.64,181.7271,-38.1068,2,2,5415.14,0.87155,,58.6777,DWARF,0,1.608585,182
TIC 306996324,306996324,100,100,9.74,178.5789,-37.5538,2,3,3747.0,0.533024,,27.1701,DWARF,0,1.401494,183
TIC 49173897,49173897,100,100,13.7,165.3944,-34.1826,2,4,3205.0,0.296555,,64.3194,DWARF,0,1.684211,184
TIC 161738691,161738691,100,100,8.8,190.1809,-48.0477,3,1,5032.0,1.06805,,66.897,DWARF,0,1.817183,185
TIC 266376971,266376971,100,100,8.28,175.1677,-58.1043,3,2,5966.93,1.06861,,72.6076,DWARF,0,1.713638,186
TIC 360630575,360630575,100,100,8.72,189.7753,-74.574,3,3,5876.0,0.983215,,79.5561,DWARF,0,1.729297,187
TIC 294419275,294419275,100,100,12.29,222.5368,-60.6016,3,4,3171.0,0.390811,,52.7792053,DWARF,0,1.641934,188
TIC 263500760,263500760,100,100,8.38,231.0666,-66.4105,4,1,6237.0,1.18515,,90.4214,DWARF,0,1.823547,189
TIC 403202991,403202991,100,100,8.73,228.0955,-75.2549,4,2,5170.0,0.81943,,52.4566,DWARF,0,1.573024,190
TIC 343648067,343648067,100,100,11.8,272.2791,-76.2244,4,3,2993.0,0.333704,,27.2981,DWARF,0,1.406723,191
TIC 464271372,464271372,100,100,9.11,279.2865,-64.8046,4,4,5196.0,0.773659,,59.5741,DWARF,0,1.599099,192
TIC 192990045,192990045,100,100,8.5,155.2403,-28.7403,1,1,5556.32,0.800733,,53.2701,DWARF,0,1.506975,193
TIC 434495424,434495424,100,100,12.36,172.8901,-23.3142,1,2,3281.0,0.300438,,36.9488,DWARF,0,1.42751,194
TIC 410062743,410062743,100,100,11.13,161.9849,-15.5212,1,3,3624.0,0.423258,,33.7573,DWARF,0,1.47921,195
TIC 293605269,293605269,100,100,12.4,149.6469,-14.7502,1,4,3436.0,0.308754,,41.2154,DWARF,0,1.459225,196
TIC 92997988,92997988,100,100,10.04,174.3405,-48.0243,2,1,4484.0,0.698802,,60.2716,DWARF,0,1.696708,197
TIC 403763751,403763751,100,100,8.33,179.9978,-42.0937,2,2,6011.0,0.945105,,66.313,DWARF,0,1.61696,198
TIC 142040321,142040321,100,100,7.79,178.5211,-29.9828,2,3,5544.0,0.884988,,42.1104,DWARF,0,1.451875,199
TIC 54147301,54147301,100,100,12.44,160.5354,-33.3585,2,4,3696.0,0.397583,,64.1474,DWARF,0,1.686856,200
TIC 253956777,253956777,100,100,13.89,199.1506,-55.717,3,1,2959.0,0.33361,,69.1165,DWARF,0,1.824478,201
TIC 267522448,267522448,100,100,8.19,176.1966,-58.2649,3,2,6113.0,1.09233,,73.9957,DWARF,0,1.714708,202
TIC 438031710,438031710,100,100,7.17,194.8974,-64.3718,3,3,6269.4,1.40522,,61.7528,DWARF,0,1.729489,203
TIC 382109014,382109014,100,100,12.37,208.6673,-64.3528,3,4,3457.0,0.386094,,54.341,DWARF,0,1.647386,204
TIC 424713521,424713521,100,100,11.96,236.7788,-65.5344,4,1,3687.0,0.531671,,72.2919,DWARF,0,1.843286,205
TIC 395326726,395326726,100,100,10.91,206.0402,-77.1019,4,2,3646.0,0.501605,,41.5537,DWARF,0,1.582724,206
TIC 340902907,340902907,100,100,13.55,294.6653,-73.2511,4,3,3174.0,0.22797,,43.2222,DWARF,0,1.425755,207
TIC 381285216,381285216,100,100,12.27,255.5408,-67.5764,4,4,3098.0,0.37671,,41.3132,DWARF,0,1.606014,208
TIC 179297418,179297418,100,100,13.1,159.7086,-20.9066,1,1,3163.0,0.308338,,50.7626,DWARF,0,1.598054,209
TIC 20375215,20375215,100,100,8.84,167.6082,-29.4145,1,2,4799.0,0.678033,,39.7429,DWARF,0,1.430502,210
TIC 386563542,386563542,100,100,12.27,159.1248,-12.6172,1,3,3366.0,0.331486,,40.8062,DWARF,0,1.49493,211
TIC 308773532,308773532,100,100,11.81,151.5875,-17.6773,1,4,3331.0,0.371023,,37.1009,DWARF,0,1.500802,212
TIC 162808761,162808761,100,100,8.01,171.1047,-47.5057,2,1,6111.0,1.12603,,70.1138,DWARF,0,1.7051,213
TIC 461190024,461190024,100,100,9.32,181.1958,-40.2259,2,2,5401.0,0.764533,,69.923,DWARF,0,1.630792,214
TIC 32612670,32612670,100,100,13.86,175.7591,-29.6887,2,3,3150.0,0.225303,,48.567,DWARF,0,1.477534,215
TIC 49005244,49005244,100,100,11.67,164.2978,-33.3575,2,4,3681.0,0.477186,,55.6048,DWARF,0,1.691375,216
TIC 403911150,403911150,100,100,13.14,188.4636,-50.4842,3,1,3361.0,0.3993,,76.6325,DWARF,0,1.830599,217
TIC 451060670,451060670,100,100,8.03,187.6516,-61.3993,3,2,6258.0,1.16586,,76.1864,DWARF,0,1.739293,218
TIC 313869987,313869987,100,100,13.08,183.9816,-68.1091,3,3,3329.0,0.36582,,64.1685,DWARF,0,1.742535,219
TIC 387426198,387426198,100,100,10.84,217.2266,-65.5875,3,4,3773.0,0.556415,,48.6623,DWARF,0,1.658798,220
TIC 423987361,423987361,100,100,9.61,235.8419,-63.6642,4,1,5728.0,0.932397,,106.683,DWARF,0,1.861202,221
TIC 310106386,310106386,100,100,9.79,250.987,-75.5071,4,2,3622.0,0.650818,,36.0027,DWARF,0,1.584919,222
TIC 384843642,384843642,100,100,12.72,263.5031,-79.479,4,3,3435.0,0.302587,,46.7699,DWARF,0,1.505701,223
TIC 304437284,304437284,100,100,8.64,259.5602,-60.4583,4,4,5423.0,0.88069,,59.4946,DWARF,0,1.617646,224
TIC 167930710,167930710,100,100,13.23,151.8783,-27.2866,1,1,3176.0,0.302887,,52.2986,DWARF,0,1.608561,225
TIC 157754412,157754412,100,100,12.87,172.6208,-16.3533,1,2,3241.0,0.275244,,39.6988,DWARF,0,1.453436,226
TIC 332829722,332829722,100,100,10.22,165.2573,-15.9591,1,3,3896.0,0.539106,,36.0962,DWARF,0,1.507348,227
TIC 415643181,415643181,100,100,12.94,147.6202,-19.1443,1,4,3356.0,0.288675,,46.9682,DWARF,0,1.508818,228
TIC 93772499,93772499,100,100,9.29,176.0065,-51.2644,2,1,5537.0,0.856748,,80.9237,DWARF,0,1.723706,229
TIC 61420420,61420420,100,100,12.37,175.9058,-43.6784,2,2,3323.0,0.381498,,49.955,DWARF,0,1.636985,230
TIC 270375457,270375457,100,100,12.84,176.7932,-28.3047,2,3,3403.0,0.308088,,50.5258,DWARF,0,1.54535,231
TIC 146271266,146271266,100,100,9.36,158.0433,-42.1497,2,4,5576.0,0.817869,,80.8334,DWARF,0,1.697367,232
TIC 244882910,244882910,100,100,8.18,196.8057,-52.0166,3,1,6350.0,1.25359,,89.7324,DWARF,0,1.832311,233
TIC 405382512,405382512,100,100,9.96,184.1472,-57.5959,3,2,4094.0,0.764188,,50.3829,DWARF,0,1.7584,234
TIC 411128851,411128851,100,100,9.91,178.3418,-67.1186,3,3,5163.0,0.783095,,86.3229,DWARF,0,1.769629,235
TIC 400701350,400701350,100,100,7.32,220.1617,-65.4182,3,4,6174.83,1.28001,,58.8841,DWARF,0,1.678427,236
TIC 259834345,259834345,100,100,12.12,224.1166,-68.968,4,1,3623.0,0.530935,,76.5273,DWARF,0,1.874083,237
TIC 418807720,418807720,100,100,13.31,219.8918,-80.811,4,2,3206.0,0.293263,,52.3928,DWARF,0,1.596515,238
TIC 295316003,295316003,100,100,12.96,271.5293,-71.6027,4,3,3456.0,0.295498,,51.1991,DWARF,0,1.533109,239
TIC 381285222,381285222,100,100,11.46,255.5387,-67.5798,4,4,3280.0,0.463848,,41.2314,DWARF,0,1.624751,240
TIC 423443451,423443451,100,100,10.75,157.7666,-21.6486,1,1,3319.0,0.541537,,33.9556,DWARF,0,1.617256,241
TIC 461157785,461157785,100,100,13.81,165.6189,-27.7677,1,2,3094.0,0.222782,,43.475,DWARF,0,1.45776,242
TIC 385229225,385229225,100,100,12.83,166.9217,-15.2097,1,3,3311.0,0.30219,,45.3808,DWARF,0,1.52656,243
TIC 358930061,358930061,100,100,8.16,151.6626,-19.3112,1,4,5913.0,0.927389,,58.4719,DWARF,0,1.566524,244
TIC 308007049,308007049,100,100,12.32,167.3554,-55.0984,2,1,3755.0,0.436355,,68.8924,DWARF,0,1.74368,245
TIC 449353370,449353370,100,100,13.27,191.2945,-46.2612,2,2,3225.0,0.311058,,54.8545,DWARF,0,1.639683,246
TIC 157257984,157257984,100,100,11.48,176.4705,-30.8532,2,3,3599.0,0.421767,,42.1811,DWARF,0,1.546145,247
TIC 107010525,107010525,100,100,9.03,162.0199,-38.2115,2,4,5507.0,0.884274,,73.269,DWARF,0,1.699174,248
TIC 272482203,272482203,100,100,8.23,187.8488,-56.9771,3,1,6029.0,1.24069,,62.7929,DWARF,0,1.833327,249
TIC 318269941,318269941,100,100,11.36,172.9638,-62.9657,3,2,3628.0,0.560664,,58.4622,DWARF,0,1.769405,250
TIC 329091144,329091144,100,100,9.86,191.4295,-71.8889,3,3,5097.0,0.804045,,84.4495,DWARF,0,1.782561,251
TIC 208064783,208064783,100,100,13.14,207.755,-59.3881,3,4,3262.0,0.355106,,63.6914,DWARF,0,1.728716,252
TIC 263890743,263890743,100,100,12.56,231.9256,-67.1154,4,1,3619.0,0.484356,,84.1724,DWARF,0,1.882329,253
TIC 418471427,418471427,100,100,12.68,205.5341,-79.1234,4,2,3228.0,0.347615,,48.3027,DWARF,0,1.618197,254
TIC 343601108,343601108,100,100,8.29,271.8673,-73.0966,4,3,5806.7,0.905575,,59.2364,DWARF,0,1.571849,255
TIC 464271371,464271371,100,100,12.25,279.2915,-64.8067,4,4,3581.0,0.416202,,59.5692,DWARF,0,1.688608,256
TIC 192988021,192988021,100,100,9.91,155.3155,-25.1093,1,1,4853.0,0.664837,,64.4886,DWARF,0,1.62743,257
TIC 219698955,219698955,100,100,12.59,175.4326,-23.2145,1,2,3323.0,0.298971,,42.0162,DWARF,0,1.469258,258
TIC 143047133,143047133,100,100,12.88,167.652,-9.3512,1,3,3313.0,0.300939,,46.9548,DWARF,0,1.532957,259
TIC 284041309,284041309,100,100,12.23,152.4897,-18.7519,1,4,3556.0,0.382898,,52.3649,DWARF,0,1.612166,260
TIC 308007414,308007414,100,100,12.29,167.3245,-55.0268,2,1,3769.0,0.443747,,69.2253,DWARF,0,1.752271,261
TIC 135078221,135078221,100,100,10.9,184.9087,-36.5193,2,2,5561.0,0.538269,,98.71695,DWARF,0,1.641999,262
TIC 57574122,57574122,100,100,12.19,173.2808,-34.7713,2,3,3578.0,0.363621,,47.8164,DWARF,0,1.559298,263
TIC 49005243,49005243,100,100,11.02,164.2973,-33.3604,2,4,3890.0,0.561278,,55.6132,DWARF,0,1.702356,264
TIC 241376080,241376080,100,100,13.88,204.6882,-50.8867,3,1,3316.0,0.340028,,86.1243,DWARF,0,1.839029,265
TIC 303226634,303226634,100,100,13.04,163.8987,-57.8445,3,2,3294.0,0.385414,,67.4423,DWARF,0,1.779855,266
TIC 334207648,334207648,100,100,9.75,192.9837,-66.6404,3,3,5242.0,0.828724,,87.3155,DWARF,0,1.78682,267
TIC 193641523,193641523,100,100,10.07,222.1652,-57.5893,3,4,4488.0,0.729635,,63.9262,DWARF,0,1.740211,268
TIC 263890761,263890761,100,100,11.66,231.9243,-67.1171,4,1,3928.0,0.603027,,84.2464,DWARF,0,1.892674,269
TIC 401827042,401827042,100,100,9.77,217.628,-72.7592,4,2,4348.0,0.704479,,49.6792,DWARF,0,1.649736,270
TIC 387063402,387063402,100,100,12.37,273.3964,-69.8798,4,3,3341.0,0.367619,,47.4078,DWARF,0,1.604796,271
TIC 291319954,291319954,100,100,12.66,260.9506,-57.6989,4,4,3469.0,0.385275,,62.8535,DWARF,0,1.703542,272
TIC 54044891,54044891,100,100,13.3,159.8819,-31.806,1,1,3287.0,0.31046,,94.71589,DWARF,0,1.644011,273
TIC 433007264,433007264,100,100,7.55,170.458,-24.19,1,2,5951.0,0.981131,,47.7136,DWARF,0,1.493454,274
TIC 143046355,143046355,100,100,13.47,167.5101,-6.0736,1,3,3203.0,0.286628,,55.0149,DWARF,0,1.608637,275
TIC 284041308,284041308,100,100,12.22,152.4907,-18.7503,1,4,3551.0,0.387684,,52.3178,DWARF,0,1.620956,276
TIC 410958733,410958733,100,100,10.57,160.4386,-50.9951,2,1,4499.0,0.662317,,73.361,DWARF,0,1.756132,277
TIC 61643969,61643969,100,100,8.14,176.9425,-46.6021,2,2,5962.0,1.01972,,64.7331,DWARF,0,1.644962,278
TIC 157257983,157257983,100,100,9.72,176.4732,-30.8525,2,3,4257.0,0.643334,,42.1591,DWARF,0,1.560873,279
TIC 106402532,106402532,100,100,8.84,159.4094,-40.8882,2,4,5667.0,0.937681,,75.2092,DWARF,0,1.71211,280
TIC 21168851,21168851,100,100,9.39,186.9845,-52.1836,3,1,5156.0,0.958257,,82.8631,DWARF,0,1.840964,281
TIC 451452509,451452509,100,100,8.66,171.5522,-58.3864,3,2,5595.0,1.07583,,77.7246,DWARF,0,1.795487,282
TIC 360899037,360899037,100,100,13.78,190.7659,-74.4606,3,3,3305.0,0.327922,,78.4676,DWARF,0,1.787541,283
TIC 299964370,299964370,100,100,8.07,208.1198,-61.8273,3,4,6339.0,1.18342,,80.4404,DWARF,0,1.760278,284
TIC 263500755,263500755,100,100,11.2,231.0697,-66.4113,4,1,4315.0,0.674181,,90.3037,DWARF,0,1.897553,285
TIC 407126408,407126408,100,100,9.62,234.5716,-80.8032,4,2,4969.0,0.732535,,65.1769,DWARF,0,1.653657,286
TIC 294884819,294884819,100,100,7.8,268.2683,-71.0118,4,3,6147.0,1.1733,,67.047,DWARF,0,1.698818,287
TIC 303653327,303653327,100,100,11.52,257.4464,-59.959,4,4,3206.0,0.501936,,45.3541,DWARF,0,1.705297,288
TIC 49001119,49001119,100,100,13.46,164.1277,-30.4704,1,1,3249.0,0.302384,,,DWARF,0,1.653118,289
TIC 423455404,423455404,100,100,8.05,168.7737,-19.607,1,2,5567.0,0.890831,,47.996,DWARF,0,1.509591,290
TIC 287077436,287077436,100,100,8.15,164.3227,-15.7349,1,3,6139.91,0.981281,,66.5005,DWARF,0,1.613587,291
TIC 101251974,101251974,100,100,12.37,155.9382,-13.4296,1,4,3148.0,0.378754,,45.785,DWARF,0,1.630714,292
TIC 94088626,94088626,100,100,12.88,176.5952,-52.6477,2,1,3153.0,0.38975,,57.817,DWARF,0,1.757572,293
TIC 181112830,181112830,100,100,9.51,173.8538,-41.5668,2,2,5151.0,0.771446,,70.1707,DWARF,0,1.676611,294
TIC 57574127,57574127,100,100,12.14,173.3133,-34.7839,2,3,3588.0,0.369016,,47.969,DWARF,0,1.56209,295
TIC 53997218,53997218,100,100,9.44,159.5725,-33.9342,2,4,5405.0,0.843794,,81.5506,DWARF,0,1.740473,296
TIC 406694754,406694754,100,100,11.9,198.4267,-58.1229,3,1,3699.0,0.549683,,,DWARF,0,1.860225,297
TIC 324100093,324100093,100,100,12.15,176.9282,-60.4115,3,2,3797.0,0.495382,,74.7565,DWARF,0,1.81988,298
TIC 392244915,392244915,100,100,9.64,174.8425,-70.8656,3,3,5341.0,0.865292,,89.6964,DWARF,0,1.802325,299
TIC 292303138,292303138,100,100,9.53,218.2665,-55.9885,3,4,5451.0,0.863811,,88.4623,DWARF,0,1.778837,300
TIC 38641640,38641640,100,100,12.78,226.6156,-59.5633,4,1,3666.0,0.472405,,87.391,DWARF,0,1.904629,301
TIC 401827140,401827140,100,100,9.83,217.6533,-72.7277,4,2,4303.0,0.704232,,49.8891,DWARF,0,1.661432,302
TIC 343998253,343998253,100,100,13.01,277.3942,-73.8981,4,3,3424.0,0.364822,,67.1128,DWARF,0,1.726162,303
TIC 291319960,291319960,100,100,12.65,260.9524,-57.6968,4,4,3465.0,0.387663,,62.7218,DWARF,0,1.706909,304
TIC 167977443,167977443,100,100,12.61,151.9973,-27.7452,1,1,3352.0,0.378896,,55.5052,DWARF,0,1.67904,305
TIC 334849986,334849986,100,100,12.78,171.3162,-17.5538,1,2,3263.0,0.301483,,43.4544,DWARF,0,1.514526,306
TIC 422277892,422277892,100,100,9.31,163.3156,-15.3195,1,3,4895.0,0.757872,,56.6162,DWARF,0,1.621192,307
TIC 36947286,36947286,100,100,12.65,156.9287,-11.6837,1,4,3290.0,0.363959,,80.63327,DWARF,0,1.652105,308
TIC 82580408,82580408,100,100,9.33,169.5848,-53.8685,2,1,6289.0,0.88564,,104.374,DWARF,0,1.760514,309
TIC 72866091,72866091,100,100,9.88,188.9971,-44.9499,2,2,5219.0,0.720196,,79.9084,DWARF,0,1.690901,310
TIC 270264416,270264416,100,100,7.06,175.3419,-26.6669,2,3,6313.17,1.19152,,50.4063,DWARF,0,1.564203,311
TIC 102840237,102840237,100,100,11.41,155.8711,-43.8334,2,4,3766.0,0.53777,,59.3321,DWARF,0,1.743193,312
TIC 412441328,412441328,100,100,9.63,192.8079,-57.235,3,1,5126.0,0.927261,,88.3297,DWARF,0,1.860404,313
TIC 324100081,324100081,100,100,12.15,176.9268,-60.4105,3,2,3628.0,0.496673,,72.365,DWARF,0,1.822141,314
TIC 343709282,343709282,100,100,9.95,206.7857,-70.352,3,3,5156.0,0.814148,,90.8357,DWARF,0,1.811407,315
TIC 241794708,241794708,100,100,12.57,209.4686,-52.6908,3,4,3436.0,0.429684,,69.8472,DWARF,0,1.780298,316
TIC 426706884,426706884,100,100,10.24,235.8427,-68.4131,4,1,5405.0,0.884444,,121.963,DWARF,0,1.941341,317
TIC 396539814,396539814,100,100,12.77,213.9244,-77.7132,4,2,3318.0,0.37325,,58.2539,DWARF,0,1.698,318
TIC 423238651,423238651,100,100,10.97,297.1446,-76.0967,4,3,3919.0,0.587523,,59.3227,DWARF,0,1.73205,319
TIC 411924045,411924045,100,100,9.23,271.1969,-62.7711,4,4,5286.0,0.920661,,77.4625,DWARF,0,1.774199,320
TIC 413300548,413300548,100,100,12.87,160.21,-22.4246,1,1,3374.0,0.359916,,60.9684,DWARF,0,1.686402,321
TIC 157792026,157792026,100,100,13.23,173.6032,-17.8768,1,2,3251.0,0.275388,,48.2001,DWARF,0,1.52589,322
TIC 308080435,308080435,100,100,12.48,167.9905,-13.8636,1,3,3259.0,0.384921,,58.3329964,DWARF,0,1.666743,323
TIC 101417914,101417914,100,100,11.39,148.8996,-18.5239,1,4,3632.0,0.504979,,52.9844,DWARF,0,1.684547,324
TIC 300387930,300387930,100,100,9.39,170.7735,-49.9133,2,1,5560.0,0.881811,,87.8971,DWARF,0,1.768751,325
TIC 73710112,73710112,100,100,8.97,192.0659,-42.8735,2,2,5754.0,0.897468,,78.3469,DWARF,0,1.700038,326
TIC 452710252,452710252,100,100,13.3,172.1363,-29.41,2,3,3199.0,0.293465,,52.0275,DWARF,0,1.595113,327
TIC 54147302,54147302,100,100,11.59,160.5343,-33.3586,2,4,3890.0,0.520426,,64.3436,DWARF,0,1.750718,328
TIC 272479918,272479918,100,100,9.24,187.9993,-56.5088,3,1,6070.0,1.03918,,108.152,DWARF,0,1.881382,329
TIC 411505379,411505379,100,100,9.55,183.4313,-57.5815,3,2,5711.0,0.919041,,100.649,DWARF,0,1.83667,330
TIC 411478164,411478164,100,100,11.23,179.7465,-71.0384,3,3,3924.0,0.610276,,71.1982,DWARF,0,1.817053,331
TIC 449471651,449471651,100,100,13.46,200.1622,-62.3837,3,4,3420.0,0.356091,,78.3082,DWARF,0,1.795122,332
TIC 259726904,259726904,100,100,11.97,224.158,-66.3952,4,1,3382.0,0.608082,,79.9978,DWARF,0,1.961924,333
TIC 396539808,396539808,100,100,12.7,213.922,-77.7187,4,2,3279.0,0.386549,,57.7819,DWARF,0,1.714409,334
TIC 467935503,467935503,100,100,8.09,282.6304,-72.9047,4,3,6105.0,1.15421,,74.4629,DWARF,0,1.74257,335
TIC 447734814,447734814,100,100,7.57,255.1918,-64.5502,4,4,6152.18,1.36275,,69.0835,DWARF,0,1.782832,336
TIC 53694359,53694359,100,100,8.78,157.9557,-32.9145,1,1,5748.0,0.928202,,74.3083,DWARF,0,1.691285,337
TIC 461156657,461156657,100,100,12.91,165.6654,-25.1199,1,2,3298.0,0.297215,,46.2928,DWARF,0,1.528141,338
TIC 422278180,422278180,100,100,7.63,163.2452,-16.3837,1,3,5362.0,1.21639,,50.542,DWARF,0,1.696146,339
TIC 33355574,33355574,100,100,13.37,150.229,-10.3884,1,4,3353.0,0.322457,,64.4539,DWARF,0,1.690944,340
TIC 272883371,272883371,100,100,9.49,161.8219,-50.0372,2,1,5456.0,0.866055,,87.5894,DWARF,0,1.773091,341
TIC 461190022,461190022,100,100,12.05,181.1944,-40.2261,2,2,3935.0,0.441782,,69.4776,DWARF,0,1.700416,342
TIC 107145096,107145096,100,100,12.94,183.5505,-35.4091,2,3,3362.0,0.31985,,51.987,DWARF,0,1.597893,343
TIC 448472110,448472110,100,100,11.91,165.8659,-32.7557,2,4,3553.0,0.495803,,62.1801,DWARF,0,1.772618,344
TIC 21110028,21110028,100,100,10.81,186.862,-50.8738,3,1,4572.0,0.734942,,94.1874,DWARF,0,1.894506,345
TIC 467779120,467779120,100,100,10.45,169.2811,-63.3039,3,2,4945.0,0.749571,,96.8172,DWARF,0,1.839626,346
TIC 392244914,392244914,100,100,10.4,174.8427,-70.8665,3,3,4824.0,0.739398,,88.7402,DWARF,0,1.817757,347
TIC 263640354,263640354,100,100,7.38,216.7499,-57.289,3,4,6262.06,1.45178,,70.1397,DWARF,0,1.799802,348
TIC 300441785,300441785,100,100,8.89,244.8662,-64.8429,4,1,5768.0,1.23694,,103.281,DWARF,0,1.962697,349
TIC 446788152,446788152,100,100,9.31,218.2742,-70.2021,4,2,5241.0,0.844155,,72.4683,DWARF,0,1.714844,350
TIC 311697816,311697816,100,100,10.26,261.4479,-75.3977,4,3,4812.0,0.712683,,79.4941,DWARF,0,1.757793,351
TIC 303708203,303708203,100,100,13.83,257.5656,-63.3836,4,4,3452.0,0.335168,,89.3112,DWARF,0,1.816525,352
TIC 193019874,193019874,100,100,12.2,155.4053,-25.6499,1,1,3447.0,0.425138,,55.8914,DWARF,0,1.69706,353
TIC 32658363,32658363,100,100,13.67,176.2736,-24.9662,1,2,3137.0,0.261011,,51.9942,DWARF,0,1.567318,354
TIC 422277889,422277889,100,100,10.12,163.3233,-15.3137,1,3,4315.0,0.692982,,56.5003,DWARF,0,1.705444,355
TIC 101363142,101363142,100,100,13.37,148.3469,-22.4975,1,4,3280.0,0.327711,,63.2037,DWARF,0,1.704982,356
TIC 459743402,459743402,100,100,9.86,163.3685,-55.017,2,1,5014.0,0.799906,,81.0019,DWARF,0,1.778078,357
TIC 21949406,21949406,100,100,8.42,181.9708,-42.3392,2,2,5715.0,1.0209,,68.5679,DWARF,0,1.701966,358
TIC 57452294,57452294,100,100,10.22,172.3918,-31.5588,2,3,3909.0,0.620017,,,DWARF,0,1.628807,359
TIC 49066805,49066805,100,100,11.67,164.681,-35.3405,2,4,3798.0,0.542293,,,DWARF,0,1.802468,360
TIC 404144841,404144841,100,100,13.33,195.1442,-51.2183,3,1,3090.0,0.414458,,75.9967,DWARF,0,1.900961,361
TIC 390078623,390078623,100,100,9.09,183.5305,-58.3557,3,2,6127.0,1.02883,,103.235,DWARF,0,1.842687,362
TIC 411478119,411478119,100,100,11.62,179.7237,-71.0334,3,3,3758.0,0.566592,,71.3917,DWARF,0,1.830541,363
TIC 388483679,388483679,100,100,13.29,217.481,-60.7811,3,4,3386.0,0.372603,,75.7454,DWARF,0,1.800493,364
TIC 360453362,360453362,100,100,10.61,240.6155,-69.5253,4,1,5835.0,0.86493,,161.24,DWARF,0,1.995962,365
TIC 401490184,401490184,100,100,12.88,215.0149,-73.7554,4,2,3213.0,0.389282,,61.2034,DWARF,0,1.756529,366
TIC 276967501,276967501,100,100,11.77,277.2889,-80.4461,4,3,3379.0,0.535586,,59.8573,DWARF,0,1.811658,367
TIC 303979490,303979490,100,100,8.0,258.376,-60.5112,4,4,6312.96,1.33842,,88.5408,DWARF,0,1.853185,368
TIC 188241769,188241769,100,100,8.02,162.885,-26.8975,1,1,6395.0,1.14608,,77.799,DWARF,0,1.72243,369
TIC 20446899,20446899,100,100,10.41,168.4272,-26.474,1,2,3778.0,0.566684,,40.6586,DWARF,0,1.588682,370
TIC 148611095,148611095,100,100,12.08,165.2129,-7.2686,1,3,3452.0,0.441394,,57.6139,DWARF,0,1.705653,371
TIC 308818579,308818579,100,100,11.85,151.7105,-17.1183,1,4,3616.0,0.469485,,58.0079,DWARF,0,1.713243,372
TIC 146312914,146312914,100,100,8.16,158.2831,-46.3139,2,1,6405.0,1.21505,,87.5725,DWARF,0,1.801188,373
TIC 397359416,397359416,100,100,10.03,175.1515,-42.5171,2,2,4551.0,0.705183,,62.5926,DWARF,0,1.702604,374
TIC 398244124,398244124,100,100,13.75,173.0176,-29.6611,2,3,3197.0,0.277795,,59.288,DWARF,0,1.637449,375
TIC 151825527,151825527,100,100,11.67,167.9912,-39.3283,2,4,3659.0,0.544068,,66.9071,DWARF,0,1.805306,376
TIC 164582869,164582869,100,100,9.49,191.8083,-52.4417,3,1,6087.0,1.0058,,119.634,DWARF,0,1.903023,377
TIC 382393917,382393917,100,100,12.38,183.2373,-63.3337,3,2,3274.0,0.490486,,,DWARF,0,1.857253,378
TIC 448445953,448445953,100,100,13.02,210.5493,-68.1582,3,3,3025.0,0.414453,,,DWARF,0,1.838951,379
TIC 327330233,327330233,100,100,7.79,210.729,-60.3456,3,4,6332.0,1.33391,,79.7533,DWARF,0,1.808253,380
TIC 1131062268,1131062268,100,100,11.01,229.134,-58.9233,4,1,4010.0,0.807528,,81.7812,DWARF,0,2.016315,381
TIC 360057586,360057586,100,100,10.16,217.1794,-70.9998,4,2,4592.0,0.743862,,71.4042,DWARF,0,1.774985,382
TIC 304339227,304339227,100,100,8.66,275.9426,-68.345,4,3,6012.0,1.12577,,92.0015,DWARF,0,1.834899,383
TIC 307231874,307231874,100,100,10.74,267.6042,-60.9645,4,4,4339.0,0.73124,,80.4353,DWARF,0,1.87612,384
TIC 179301898,179301898,100,100,8.1,159.8712,-20.8494,1,1,6079.0,1.12521,,72.5661,DWARF,0,1.722467,385
TIC 415714808,415714808,100,100,11.0,164.1996,-23.2915,1,2,3505.0,0.505575,,54.16578,DWARF,0,1.607571,386
TIC 35009898,35009898,100,100,12.23,164.7248,-5.5483,1,3,3424.0,0.427953,,57.7553,DWARF,0,1.708792,387
TIC 1522960,1522960,100,100,11.32,149.4043,-12.4968,1,4,3842.0,0.531566,,56.2988,DWARF,0,1.715114,388
TIC 397365827,397365827,100,100,9.69,175.2976,-47.0952,2,1,5197.0,0.872767,,87.9936,DWARF,0,1.819797,389
TIC 135097399,135097399,100,100,9.36,185.2326,-38.3119,2,2,5094.0,0.82859,,68.7659,DWARF,0,1.708679,390
TIC 57452297,57452297,100,100,10.37,172.3925,-31.5579,2,3,3968.0,0.627862,,46.4232,DWARF,0,1.669728,391
TIC 105884066,105884066,100,100,12.1,157.0341,-38.5678,2,4,5277.0,0.494874,,285.245,DWARF,0,1.808989,392
TIC 287662581,287662581,100,100,11.19,184.7405,-54.695,3,1,4666.0,0.685404,,107.543,DWARF,0,1.909893,393
TIC 281650466,281650466,100,100,10.66,170.5002,-60.4041,3,2,4297.0,0.735673,,76.2224,DWARF,0,1.86537,394
TIC 1012535693,1012535693,100,100,10.35,208.0179,-67.5411,3,3,5135.0,0.769616,,100.063,DWARF,0,1.842548,395
TIC 313675203,313675203,100,100,9.46,202.1676,-61.8348,3,4,5354.0,0.913016,,87.7559,DWARF,0,1.812957,396
TIC 456488426,456488426,100,100,12.18,231.6692,-61.1825,4,1,3452.0,0.663032,,99.5978,DWARF,0,2.079069,397
TIC 324757915,324757915,100,100,10.39,245.8011,-77.7446,4,2,5361.0,0.713405,,102.426,DWARF,0,1.784672,398
TIC 398401104,398401104,100,100,12.84,284.6117,-77.982,4,3,3461.0,0.430165,,75.336,DWARF,0,1.83527,399
TIC 303391900,303391900,100,100,13.06,256.7958,-61.9646,4,4,3452.0,0.437999,,85.0317,DWARF,0,1.894946,400
TIC 53998583,53998583,100,100,10.29,159.6568,-31.7545,1,1,4039.0,0.679848,,50.388,DWARF,0,1.722824,401
TIC 168404015,168404015,100,100,11.73,166.592,-28.3577,1,2,3443.0,0.430192,,45.5237,DWARF,0,1.613325,402
TIC 391843463,391843463,100,100,8.8,160.4466,-14.7247,1,3,5459.0,0.953381,,69.9758,DWARF,0,1.718533,403
TIC 289668400,289668400,100,100,9.54,145.986,-12.5304,1,4,4574.0,0.805281,,57.6909,DWARF,0,1.719895,404
TIC 410958734,410958734,100,100,11.31,160.435,-50.9949,2,1,4050.0,0.616911,,73.4953,DWARF,0,1.842445,405
TIC 135097390,135097390,100,100,7.64,185.2893,-38.3029,2,2,6244.83,1.25763,,68.3406,DWARF,0,1.727106,406
TIC 157217094,157217094,100,100,8.57,175.9568,-35.248,2,3,5934.0,1.01128,,77.7476,DWARF,0,1.723743,407
TIC 158151232,158151232,100,100,11.84,162.0827,-38.1744,2,4,3841.0,0.527311,,72.5955,DWARF,0,1.812134,408
TIC 262248639,262248639,100,100,9.38,199.5852,-54.3591,3,1,5794.0,1.0419,,106.191,DWARF,0,1.911652,409
TIC 321002807,321002807,100,100,11.98,175.3305,-63.8213,3,2,3722.0,0.549438,,78.9815,DWARF,0,1.875837,410
TIC 411128821,411128821,100,100,10.75,178.3643,-67.1235,3,3,4533.0,0.70334,,86.2152,DWARF,0,1.844331,411
TIC 449557403,449557403,100,100,8.5,200.3636,-63.2277,3,4,6368.0,1.19529,,99.9857,DWARF,0,1.854947,412
TIC 426882871,426882871,100,100,12.03,236.7657,-69.7378,4,1,5407.0,0.686909,,213.873,DWARF,0,2.079798,413
TIC 396221451,396221451,100,100,11.71,211.6682,-73.2434,4,2,3464.0,0.529856,,60.8606,DWARF,0,1.790316,414
TIC 295593712,295593712,100,100,10.08,273.8467,-68.5952,4,3,5343.0,0.817661,,101.606,DWARF,0,1.841147,415
TIC 380783252,380783252,100,100,9.78,269.7145,-60.9233,4,4,5188.0,0.943786,,98.8783,DWARF,0,1.905747,416
TIC 53958105,53958105,100,100,8.04,159.3623,-29.9849,1,1,6182.1,1.15932,,74.9707,DWARF,0,1.736407,417
TIC 14681209,14681209,100,100,13.85,174.431,-26.4448,1,2,3108.0,0.265031,,56.8623,DWARF,0,1.616593,418
TIC 56662591,56662591,100,100,9.46,158.578,-9.1626,1,3,5220.0,0.829943,,75.7444,DWARF,0,1.730097,419
TIC 33301586,33301586,100,100,12.56,149.7247,-11.2472,1,4,3392.0,0.409356,,60.654,DWARF,0,1.736202,420
TIC 93470550,93470550,100,100,13.83,175.3024,-48.7718,2,1,3342.0,0.34639,,86.9041,DWARF,0,1.845131,421
TIC 22856975,22856975,100,100,10.04,186.1085,-44.0676,2,2,4899.0,0.726237,,76.2115,DWARF,0,1.730157,422
TIC 141939885,141939885,100,100,9.28,177.9203,-33.1938,2,3,5486.0,0.863402,,79.787,DWARF,0,1.728426,423
TIC 151738776,151738776,100,100,10.21,167.3988,-38.1572,2,4,4909.0,0.769389,,87.7808,DWARF,0,1.814292,424
TIC 411885590,411885590,100,100,8.11,189.8379,-55.6542,3,1,6346.0,1.40498,,97.2107,DWARF,0,1.91734,425
TIC 379329149,379329149,100,100,9.41,181.0594,-64.3143,3,2,5955.0,0.99946,,107.817,DWARF,0,1.881531,426
TIC 341776926,341776926,100,100,8.2,203.4454,-68.5191,3,3,6239.0,1.27217,,91.2015,DWARF,0,1.84909,427
TIC 401626459,401626459,100,100,9.1,220.159,-60.0271,3,4,5132.0,1.07863,,80.6692,DWARF,0,1.885745,428
TIC 296375776,296375776,100,100,9.62,223.6127,-65.343,4,1,5736.0,1.19761,,133.798,DWARF,0,2.080631,429
TIC 418740319,418740319,100,100,10.29,212.7056,-79.6317,4,2,4717.0,0.740782,,80.0958,DWARF,0,1.797381,430
TIC 352140701,352140701,100,100,10.37,287.2375,-74.7461,4,3,4864.0,0.770436,,92.7793,DWARF,0,1.847473,431
TIC 304845449,304845449,100,100,8.58,260.8525,-64.2828,4,4,6426.0,1.25606,,109.073,DWARF,0,1.914021,432
TIC 168140976,168140976,100,100,12.98,152.9979,-28.8256,1,1,3443.0,0.372182,,67.7836,DWARF,0,1.737511,433
TIC 20325758,20325758,100,100,12.58,167.5638,-24.1954,1,2,3190.0,0.35701,,46.755,DWARF,0,1.621361,434
TIC 391843469,391843469,100,100,8.55,160.4506,-14.7085,1,3,5598.0,1.03702,,71.2674,DWARF,0,1.741574,435
TIC 289668177,289668177,100,100,8.66,146.0587,-11.8728,1,4,5754.0,1.00827,,76.3636,DWARF,0,1.739154,436
TIC 80682484,80682484,100,100,9.04,165.9548,-50.8871,2,1,5910.0,1.05204,,99.5473,DWARF,0,1.852065,437
TIC 165290827,165290827,100,100,9.33,178.9649,-40.5158,2,2,4980.0,0.862906,,67.5612,DWARF,0,1.737927,438
TIC 23434737,23434737,100,100,8.0,168.2278,-34.4071,2,3,5742.22,1.17321,,64.9943,DWARF,0,1.738752,439
TIC 106608272,106608272,100,100,11.76,160.2175,-39.1003,2,4,3498.0,0.544865,,67.0815,DWARF,0,1.824578,440
TIC 273388181,273388181,100,100,11.58,185.8922,-51.0396,3,1,4872.69,0.6356,,131.645,DWARF,0,1.922368,441
TIC 466744106,466744106,100,100,10.73,166.603,-63.7241,3,2,5495.0,0.738068,,126.183,DWARF,0,1.882193,442
TIC 313392862,313392862,100,100,13.55,183.4756,-68.9113,3,3,3449.0,0.381176,,89.1056,DWARF,0,1.872251,443
TIC 332408370,332408370,100,100,11.07,212.8125,-60.0279,3,4,4472.0,0.699419,,96.0082,DWARF,0,1.903475,444
TIC 42603860,42603860,100,100,9.83,228.481,-58.6118,4,1,6021.0,1.14622,,151.408,DWARF,0,2.084536,445
TIC 384423732,384423732,100,100,13.71,250.2223,-79.3718,4,2,2968.0,0.338779,,65.6636,DWARF,0,1.801833,446
TIC 343452257,343452257,100,100,11.58,268.6204,-73.0208,4,3,3887.0,0.586559,,75.9882,DWARF,0,1.852623,447
TIC 171898698,171898698,100,100,8.02,255.3454,-59.7607,4,4,6384.0,1.43278,,95.5185,DWARF,0,1.916359,448
TIC 71035967,71035967,100,100,10.07,153.1514,-32.4103,1,1,4662.0,0.738907,,70.4144,DWARF,0,1.75118,449
TIC 433012333,433012333,100,100,11.05,170.4601,-24.1877,1,2,3676.0,0.523231,,47.6035,DWARF,0,1.647387,450
TIC 391808645,391808645,100,100,7.17,160.0417,-16.3731,1,3,6011.53,1.43841,,59.4862,DWARF,0,1.749765,451
TIC 36835297,36835297,100,100,8.63,155.7903,-9.6841,1,4,5728.0,1.03831,,77.1376,DWARF,0,1.758654,452
TIC 163028436,163028436,100,100,13.17,172.1105,-44.2954,2,1,3221.0,0.407235,,76.3263,DWARF,0,1.85369,453
TIC 72677673,72677673,100,100,13.92,188.318,-44.7272,2,2,3262.0,0.300429,,73.4826,DWARF,0,1.739484,454
TIC 142312635,142312635,100,100,7.01,181.1435,-31.1877,2,3,6375.68,1.48893,,62.6106,DWARF,0,1.747749,455
TIC 106989982,106989982,100,100,8.88,161.7902,-41.3047,2,4,6374.0,1.10776,,108.45,DWARF,0,1.864891,456
TIC 404010167,404010167,100,100,13.38,188.6703,-49.6575,3,1,3320.0,0.4226,,88.7693,DWARF,0,1.927859,457
TIC 321005743,321005743,100,100,11.01,175.1132,-63.428,3,2,6202.0,0.699338,,126.715,DWARF,0,1.891374,458
TIC 438863615,438863615,100,100,8.76,195.4558,-62.4812,3,3,5940.0,1.16679,,97.8124,DWARF,0,1.885985,459
TIC 332410980,332410980,100,100,11.17,213.0508,-60.0571,3,4,4418.0,0.685156,,95.7874,DWARF,0,1.905579,460
TIC 343582564,343582564,100,100,11.67,241.3073,-62.5732,4,1,5325.0,0.755292,,192.214,DWARF,0,2.09023,461
TIC 1003482141,1003482141,100,100,10.44,212.7091,-79.6311,4,2,4596.0,0.726758,,79.6814,DWARF,0,1.81078,462
TIC 398401113,398401113,100,100,12.23,284.8035,-77.9947,4,3,3605.0,0.505304,,75.1184,DWARF,0,1.853105,463
TIC 294533778,294533778,100,100,8.05,266.2541,-67.1304,4,4,6436.0,1.42446,,98.0704,DWARF,0,1.917301,464
TIC 71250579,71250579,100,100,11.36,154.3486,-30.6726,1,1,3680.0,0.559396,,54.1954,DWARF,0,1.767439,465
TIC 5531391,5531391,100,100,9.37,163.5118,-23.5431,1,2,4847.0,0.786935,,59.3554,DWARF,0,1.665878,466
TIC 54965739,54965739,100,100,8.91,160.3213,-7.96,1,3,5587.0,0.967494,,78.0928,DWARF,0,1.753297,467
TIC 36705475,36705475,100,100,9.55,154.391,-9.7548,1,4,5545.0,0.882461,,94.2293,DWARF,0,1.801391,468
TIC 162807942,162807942,100,100,13.3,171.1059,-46.9511,2,1,3373.0,0.395643,,80.1997,DWARF,0,1.854607,469
TIC 73714894,73714894,100,100,12.59,192.2266,-45.3407,2,2,3410.0,0.4117,,61.1709,DWARF,0,1.747162,470
TIC 448741117,448741117,100,100,10.2,182.1342,-33.2846,2,3,4364.0,0.716425,,62.1309,DWARF,0,1.750341,471
TIC 106756918,106756918,100,100,12.1,160.8411,-41.3776,2,4,3330.0,0.535517,,69.6044,DWARF,0,1.877547,472
TIC 256339165,256339165,100,100,9.12,199.8132,-54.8081,3,1,6417.0,1.13229,,121.321,DWARF,0,1.931915,473
TIC 308001339,308001339,100,100,8.22,167.3688,-56.16,3,2,6209.0,1.32954,,90.4926,DWARF,0,1.891403,474
TIC 448728685,448728685,100,100,13.58,213.0493,-69.9892,3,3,3603.0,0.389721,,100.28,DWARF,0,1.897508,475
TIC 314551036,314551036,100,100,8.94,202.5725,-62.3466,3,4,5897.0,1.14973,,102.267,DWARF,0,1.909192,476
TIC 446872386,446872386,100,100,9.43,232.223,-66.4927,4,1,6009.0,1.2709,,144.713,DWARF,0,2.094223,477
TIC 384066761,384066761,100,100,10.44,240.8586,-81.3273,4,2,4765.0,0.728554,,86.3445,DWARF,0,1.812923,478
TIC 304859461,304859461,100,100,10.56,279.8313,-70.7572,4,3,4489.0,0.742998,,81.5144,DWARF,0,1.853975,479
TIC 447320963,447320963,100,100,10.57,251.3597,-64.0556,4,4,5166.11,0.810014,,119.703,DWARF,0,1.930985,480
TIC 168077515,168077515,100,100,12.68,152.778,-25.1865,1,1,3309.0,0.418101,,62.5827,DWARF,0,1.778562,481
TIC 219311128,219311128,100,100,13.61,171.7381,-19.586,1,2,3262.0,0.301001,,64.2374,DWARF,0,1.679136,482
TIC 54958691,54958691,100,100,12.8,159.9081,-8.9662,1,3,3442.0,0.401001,,70.7033,DWARF,0,1.766291,483
TIC 422204382,422204382,100,100,13.61,151.2318,-14.7108,1,4,3257.0,0.348185,,66.0495,DWARF,0,1.80562,484
TIC 120591486,120591486,100,100,10.52,163.6877,-50.8846,2,1,5260.0,0.751452,,109.229,DWARF,0,1.855802,485
TIC 72927460,72927460,100,100,9.75,189.0764,-47.0283,2,2,4838.0,0.792286,,70.7556,DWARF,0,1.747764,486
TIC 270229285,270229285,100,100,9.62,173.6636,-29.8691,2,3,5624.0,0.828398,,93.7815,DWARF,0,1.760478,487
TIC 54238138,54238138,100,100,10.83,160.9486,-33.1551,2,4,4526.0,0.733244,,92.6712,DWARF,0,1.896497,488
TIC 163032292,163032292,100,100,9.69,190.9673,-51.0443,3,1,5868.0,0.995202,,121.531,DWARF,0,1.933822,489
TIC 268472260,268472260,100,100,7.88,176.9176,-58.331,3,2,6493.0,1.43972,,93.4406,DWARF,0,1.892556,490
TIC 395688038,395688038,100,100,8.29,208.8031,-72.7339,3,3,6267.0,1.31987,,97.3766,DWARF,0,1.899062,491
TIC 327015234,327015234,100,100,11.71,210.429,-64.0893,3,4,3546.0,0.610575,,75.9266,DWARF,0,1.913478,492
TIC 343582551,343582551,100,100,11.53,241.3153,-62.5713,4,1,5424.0,0.785615,,193.378,DWARF,0,2.09642,493
TIC 418381079,418381079,100,100,11.77,200.6854,-78.406,4,2,3717.0,0.544338,,69.5326,DWARF,0,1.825737,494
TIC 292619829,292619829,100,100,13.12,270.751,-72.9748,4,3,3525.0,0.415141,,84.4007,DWARF,0,1.860391,495
TIC 255985064,255985064,100,100,11.04,266.8116,-67.9732,4,4,4586.0,0.730464,,103.25,DWARF,0,1.935198,496
TIC 49043805,49043805,100,100,11.47,164.2953,-30.2328,1,1,3777.0,0.55716,,63.7162,DWARF,0,1.78596,497
TIC 437230158,437230158,100,100,12.26,164.7098,-23.7726,1,2,2964.0,0.41301,,43.9922,DWARF,0,1.683921,498
TIC 181791076,181791076,100,100,12.89,165.6091,-16.4007,1,3,3317.0,0.39432,,65.7155,DWARF,0,1.769698,499
TIC 36705476,36705476,100,100,9.34,154.3951,-9.7542,1,4,5691.0,0.937063,,95.0748,DWARF,0,1.811538,500
