target,tic_id,sector,sectors,tmag,ra_deg,dec_deg,camera,ccd,selection_rank
TIC 79422142,79422142,105,105,7.0,320.5494,-51.1247,1,1,1
TIC 207080350,207080350,105,105,7.09,320.9194,-39.7791,1,2,2
TIC 152796589,152796589,105,105,7.0,304.9922,-32.6165,1,3,3
TIC 128790976,128790976,105,105,7.22,300.2132,-43.9829,1,4,4
TIC 220507581,220507581,105,105,7.0,347.1576,-59.737,2,1,5
TIC 224285325,224285325,105,105,7.05,356.6396,-41.5882,2,2,6
TIC 382420379,382420379,105,105,7.11,335.6845,-45.9481,2,3,7
TIC 259718796,259718796,105,105,7.0,322.6047,-60.2072,2,4,8
TIC 7146022,7146022,105,105,7.0,4.6221,-46.532,3,1,9
TIC 382551556,382551556,105,105,7.16,19.4973,-52.1058,3,2,10
TIC 158637022,158637022,105,105,7.23,24.7843,-48.7753,3,3,11
TIC 41862035,41862035,105,105,7.18,20.9057,-41.2703,3,4,12
TIC 152319089,152319089,105,105,7.02,34.008,-36.4727,4,1,13
TIC 147469587,147469587,105,105,7.08,41.4226,-38.1568,4,2,14
TIC 176841424,176841424,105,105,7.0,49.2296,-31.3524,4,3,15
TIC 209461158,209461158,105,105,7.02,46.9886,-30.3138,4,4,16
TIC 425865767,425865767,105,105,7.05,320.6497,-55.7838,1,1,17
TIC 159835781,159835781,105,105,7.22,320.1939,-38.7811,1,2,18
TIC 269635636,269635636,105,105,7.13,301.974,-39.8441,1,3,19
TIC 101234184,101234184,105,105,7.33,299.5643,-51.8957,1,4,20
TIC 355426214,355426214,105,105,7.0,1.2799,-52.1527,2,1,21
TIC 144401881,144401881,105,105,7.11,357.8403,-42.3728,2,2,22
TIC 161268141,161268141,105,105,7.51,341.7025,-48.3151,2,3,23
TIC 277688819,277688819,105,105,7.06,329.2365,-61.8465,2,4,24
TIC 102029895,102029895,105,105,7.16,15.683,-47.2886,3,1,25
TIC 207084429,207084429,105,105,7.2,22.7582,-51.2159,3,2,26
TIC 165901981,165901981,105,105,7.28,31.103,-43.5077,3,3,27
TIC 401868169,401868169,105,105,7.36,26.8251,-42.6391,3,4,28
TIC 122522167,122522167,105,105,7.05,38.5514,-33.1181,4,1,29
TIC 165143508,165143508,105,105,7.15,46.3264,-40.9842,4,2,30
TIC 308243453,308243453,105,105,7.03,51.4961,-35.9583,4,3,31
TIC 326242263,326242263,105,105,7.11,41.3266,-20.4016,4,4,32
TIC 231631019,231631019,105,105,7.08,317.6073,-54.5739,1,1,33
TIC 115105140,115105140,105,105,7.35,316.4953,-36.2596,1,2,34
TIC 34724550,34724550,105,105,7.3,306.665,-30.676,1,3,35
TIC 200250061,200250061,105,105,7.34,294.4745,-48.1131,1,4,36
TIC 262825539,262825539,105,105,7.09,348.9607,-58.0833,2,1,37
TIC 139191168,139191168,105,105,7.18,345.4441,-44.8411,2,2,38
TIC 389726435,389726435,105,105,7.54,329.6575,-45.7433,2,3,39
TIC 143897365,143897365,105,105,7.13,332.5919,-51.9609,2,4,40
TIC 308209763,308209763,105,105,7.16,10.9528,-37.4729,3,1,41
TIC 281573888,281573888,105,105,7.37,7.6661,-54.97,3,2,42
TIC 7319369,7319369,105,105,7.32,35.0961,-46.924,3,3,43
TIC 32397921,32397921,105,105,7.39,26.2579,-31.386,3,4,44
TIC 122575742,122575742,105,105,7.1,40.1279,-31.4675,4,1,45
TIC 147459425,147459425,105,105,7.19,41.4376,-39.7167,4,2,46
TIC 142938499,142938499,105,105,7.07,52.4914,-35.7488,4,3,47
TIC 65344368,65344368,105,105,7.15,39.1983,-25.0243,4,4,48
TIC 394484541,394484541,105,105,7.18,316.1425,-58.9334,1,1,49
TIC 165062589,165062589,105,105,7.84,322.3305,-38.8276,1,2,50
TIC 441398770,441398770,105,105,7.4,310.4658,-32.4384,1,3,51
TIC 61613763,61613763,105,105,7.54,288.482,-47.3586,1,4,52
TIC 316968412,316968412,105,105,7.14,356.7545,-55.4082,2,1,53
TIC 139199620,139199620,105,105,7.26,345.8689,-43.0794,2,2,54
TIC 160037769,160037769,105,105,8.0,339.0223,-41.175,2,3,55
TIC 219332123,219332123,105,105,7.17,338.5781,-54.2981,2,4,56
TIC 120506209,120506209,105,105,7.18,2.2497,-39.7373,3,1,57
TIC 281594607,281594607,105,105,7.62,8.374,-55.3282,3,2,58
TIC 166787220,166787220,105,105,7.43,38.4213,-48.3898,3,3,59
TIC 41842901,41842901,105,105,7.41,20.0656,-36.243,3,4,60
TIC 65289930,65289930,105,105,7.21,38.1253,-27.0031,4,1,61
TIC 311410476,311410476,105,105,7.21,36.222,-42.1592,4,2,62
TIC 129809287,129809287,105,105,7.18,54.2693,-36.2922,4,3,63
TIC 88339242,88339242,105,105,7.22,44.0308,-26.1995,4,4,64
TIC 166582002,166582002,105,105,7.23,313.1739,-53.2738,1,1,65
TIC 126766627,126766627,105,105,7.86,316.4239,-46.5072,1,2,66
TIC 441315646,441315646,105,105,7.41,308.6958,-33.9219,1,3,67
TIC 143657942,143657942,105,105,7.56,285.1974,-47.0444,1,4,68
TIC 219338374,219338374,105,105,7.2,354.4936,-58.1886,2,1,69
TIC 144444708,144444708,105,105,7.29,359.3331,-46.1101,2,2,70
TIC 139455526,139455526,105,105,8.02,336.7049,-45.6191,2,3,71
TIC 219329308,219329308,105,105,7.29,335.3457,-55.7644,2,4,72
TIC 156086958,156086958,105,105,7.25,11.4238,-48.3015,3,1,73
TIC 206504193,206504193,105,105,7.65,16.3095,-57.7949,3,2,74
TIC 219994278,219994278,105,105,7.48,31.2808,-49.6815,3,3,75
TIC 67668604,67668604,105,105,7.47,19.5126,-34.1376,3,4,76
TIC 632326038,632326038,105,105,7.32,35.8096,-29.8706,4,1,77
TIC 146635812,146635812,105,105,7.27,42.2185,-46.3468,4,2,78
TIC 166848903,166848903,105,105,7.24,58.7052,-35.7015,4,3,79
TIC 88532366,88532366,105,105,7.33,48.3507,-28.9752,4,4,80
TIC 231631020,231631020,105,105,7.24,317.6088,-54.5747,1,1,81
TIC 115105263,115105263,105,105,8.0,316.3972,-36.4656,1,2,82
TIC 290237358,290237358,105,105,7.51,304.5617,-38.9531,1,3,83
TIC 129178469,129178469,105,105,7.61,302.7096,-43.6031,1,4,84
TIC 220500424,220500424,105,105,7.2,345.8186,-55.1691,2,1,85
TIC 139200569,139200569,105,105,7.31,345.7993,-47.2559,2,2,86
TIC 139845816,139845816,105,105,8.02,325.7668,-48.1896,2,3,87
TIC 403266307,403266307,105,105,7.32,330.9284,-60.4374,2,4,88
TIC 118586897,118586897,105,105,7.26,10.8029,-37.9835,3,1,89
TIC 231009795,231009795,105,105,7.67,25.7063,-54.6971,3,2,90
TIC 220022156,220022156,105,105,7.56,33.1775,-53.7437,3,3,91
TIC 425850752,425850752,105,105,7.51,28.1438,-34.1944,3,4,92
TIC 70577478,70577478,105,105,7.4,37.8905,-27.5044,4,1,93
TIC 146729223,146729223,105,105,7.34,45.4702,-47.559,4,2,94
TIC 89060881,89060881,105,105,7.26,54.2878,-29.8303,4,3,95
TIC 326330498,326330498,105,105,7.48,43.6116,-20.9252,4,4,96
TIC 220369051,220369051,105,105,7.29,308.3057,-58.1126,1,1,97
TIC 159837822,159837822,105,105,8.0,320.3445,-38.1743,1,2,98
TIC 290761749,290761749,105,105,7.68,307.9706,-40.9026,1,3,99
TIC 129581480,129581480,105,105,7.68,305.6588,-44.5871,1,4,100
TIC 201253941,201253941,105,105,7.29,1.3407,-56.9557,2,1,101
TIC 382463166,382463166,105,105,7.41,353.0195,-43.5899,2,2,102
TIC 197936256,197936256,105,105,8.02,335.0761,-50.3658,2,3,103
TIC 403224672,403224672,105,105,7.38,338.9831,-59.8651,2,4,104
TIC 80313923,80313923,105,105,7.37,7.827,-43.6064,3,1,105
TIC 156083158,156083158,105,105,7.69,11.0899,-49.7065,3,2,106
TIC 7243102,7243102,105,105,7.79,32.8203,-46.5851,3,3,107
TIC 67655560,67655560,105,105,7.7,19.324,-34.664,3,4,108
TIC 139524304,139524304,105,105,7.46,36.1911,-28.6518,4,1,109
TIC 391474315,391474315,105,105,7.35,53.5189,-41.3384,4,2,110
TIC 140204942,140204942,105,105,7.36,58.8734,-36.3098,4,3,111
TIC 88481934,88481934,105,105,7.56,47.3065,-26.7156,4,4,112
TIC 219281257,219281257,105,105,7.38,309.4845,-57.8739,1,1,113
TIC 159736750,159736750,105,105,8.02,319.081,-40.5994,1,2,114
TIC 290761750,290761750,105,105,7.7,307.97,-40.9015,1,3,115
TIC 129277030,129277030,105,105,7.78,303.395,-45.5907,1,4,116
TIC 231864288,231864288,105,105,7.3,5.6435,-61.0348,2,1,117
TIC 144335400,144335400,105,105,7.6,356.0653,-43.024,2,2,118
TIC 278709638,278709638,105,105,8.02,335.2327,-41.43,2,3,119
TIC 277649549,277649549,105,105,7.52,329.0414,-60.2295,2,4,120
TIC 117875969,117875969,105,105,7.91,10.0083,-38.9462,3,1,121
TIC 425939298,425939298,105,105,7.76,8.3858,-61.1472,3,2,122
TIC 220013641,220013641,105,105,7.82,31.9944,-49.1156,3,3,123
TIC 67630419,67630419,105,105,7.72,18.2292,-35.746,3,4,124
TIC 122521250,122521250,105,105,7.56,38.483,-32.1968,4,1,125
TIC 165144649,165144649,105,105,7.36,46.4678,-37.3389,4,2,126
TIC 129887115,129887115,105,105,7.38,55.7797,-37.0439,4,3,127
TIC 64109026,64109026,105,105,7.6,39.9756,-23.9299,4,4,128
TIC 219967673,219967673,105,105,7.44,306.0379,-54.5433,1,1,129
TIC 147382908,147382908,105,105,8.03,326.5403,-45.1549,1,2,130
TIC 290597237,290597237,105,105,7.71,306.8903,-39.5323,1,3,131
TIC 129081711,129081711,105,105,7.85,302.1586,-46.302,1,4,132
TIC 355686601,355686601,105,105,7.33,0.3725,-62.923,2,1,133
TIC 224272721,224272721,105,105,7.61,354.7326,-41.4753,2,2,134
TIC 121470291,121470291,105,105,8.03,342.4632,-44.4236,2,3,135
TIC 219316126,219316126,105,105,7.54,320.1615,-57.8487,2,4,136
TIC 102069549,102069549,105,105,7.96,17.3931,-46.2656,3,1,137
TIC 156069089,156069089,105,105,7.78,9.737,-52.5345,3,2,138
TIC 219997529,219997529,105,105,7.89,31.75,-50.6374,3,3,139
TIC 152287933,152287933,105,105,7.72,28.9845,-36.2454,3,4,140
TIC 91515798,91515798,105,105,7.63,36.367,-34.052,4,1,141
TIC 147455347,147455347,105,105,7.37,40.8574,-37.9291,4,2,142
TIC 142944116,142944116,105,105,7.59,52.8957,-31.6736,4,3,143
TIC 144497692,144497692,105,105,7.81,49.9058,-25.5791,4,4,144
TIC 387268311,387268311,105,105,7.48,312.2117,-59.2347,1,1,145
TIC 92752807,92752807,105,105,8.04,317.0762,-35.2734,1,2,146
TIC 441387674,441387674,105,105,7.9,310.1071,-32.8514,1,3,147
TIC 370078468,370078468,105,105,7.91,296.3177,-48.0704,1,4,148
TIC 262826499,262826499,105,105,7.4,349.041,-59.7809,2,1,149
TIC 382451092,382451092,105,105,7.68,350.5104,-46.8836,2,2,150
TIC 144219287,144219287,105,105,8.03,328.5025,-47.0209,2,3,151
TIC 265610638,265610638,105,105,7.55,333.2742,-59.6917,2,4,152
TIC 179492666,179492666,105,105,7.97,13.176,-38.1387,3,1,153
TIC 156065197,156065197,105,105,7.81,9.5099,-50.734,3,2,154
TIC 100107808,100107808,105,105,8.02,25.3974,-46.0074,3,3,155
TIC 115355856,115355856,105,105,7.78,28.1098,-38.745,3,4,156
TIC 122686610,122686610,105,105,7.63,42.3573,-30.8127,4,1,157
TIC 308227406,308227406,105,105,7.38,41.6896,-40.9588,4,2,158
TIC 308266467,308266467,105,105,7.67,52.0842,-36.013,4,3,159
TIC 89045238,89045238,105,105,8.0,47.5219,-29.9235,4,4,160
TIC 320847025,320847025,105,105,7.56,299.6388,-54.9378,1,1,161
TIC 139728222,139728222,105,105,8.04,323.0664,-48.8539,1,2,162
TIC 389204314,389204314,105,105,8.0,303.0088,-39.7302,1,3,163
TIC 61613777,61613777,105,105,7.92,288.4808,-47.3537,1,4,164
TIC 355767583,355767583,105,105,7.43,4.4225,-60.7993,2,1,165
TIC 206287037,206287037,105,105,7.69,353.1383,-50.1155,2,2,166
TIC 382381406,382381406,105,105,8.03,334.4869,-46.3357,2,3,167
TIC 234283544,234283544,105,105,7.77,335.2326,-60.4305,2,4,168
TIC 183563578,183563578,105,105,8.0,11.521,-37.8678,3,1,169
TIC 206592394,206592394,105,105,7.91,20.8398,-57.481,3,2,170
TIC 142151645,142151645,105,105,8.02,36.478,-47.4237,3,3,171
TIC 229098638,229098638,105,105,7.88,19.8126,-43.6316,3,4,172
TIC 123255131,123255131,105,105,7.69,28.2615,-33.3145,4,1,173
TIC 401889161,401889161,105,105,7.45,52.3601,-42.4692,4,2,174
TIC 142939517,142939517,105,105,7.84,52.6482,-30.335,4,3,175
TIC 65348719,65348719,105,105,8.02,39.9738,-26.3209,4,4,176
TIC 79271642,79271642,105,105,7.57,318.3649,-49.7944,1,1,177
TIC 114990108,114990108,105,105,8.05,315.5524,-37.6978,1,2,178
TIC 48838982,48838982,105,105,8.01,302.1462,-33.6043,1,3,179
TIC 129277761,129277761,105,105,8.0,303.4128,-46.5878,1,4,180
TIC 219342182,219342182,105,105,7.46,355.2111,-56.421,2,1,181
TIC 401986129,401986129,105,105,7.77,352.858,-42.1592,2,2,182
TIC 88267762,88267762,105,105,8.04,333.1869,-42.5344,2,3,183
TIC 469946168,469946168,105,105,7.84,341.935,-54.4963,2,4,184
TIC 80418594,80418594,105,105,8.01,10.2069,-47.8289,3,1,185
TIC 206592567,206592567,105,105,8.0,20.9581,-56.6046,3,2,186
TIC 166678790,166678790,105,105,8.02,35.2026,-50.8853,3,3,187
TIC 42055368,42055368,105,105,7.91,24.3273,-40.1774,3,4,188
TIC 65324756,65324756,105,105,7.74,38.7953,-28.6976,4,1,189
TIC 159937499,159937499,105,105,7.46,49.1859,-41.2708,4,2,190
TIC 166870522,166870522,105,105,7.87,59.1197,-31.6954,4,3,191
TIC 144496130,144496130,105,105,8.02,49.6833,-25.429,4,4,192
TIC 409696822,409696822,105,105,7.78,314.5492,-58.5058,1,1,193
TIC 115148535,115148535,105,105,8.05,316.8357,-39.2616,1,2,194
TIC 152180220,152180220,105,105,8.01,307.6202,-33.1556,1,3,195
TIC 166317799,166317799,105,105,8.01,296.1494,-51.44,1,4,196
TIC 220504623,220504623,105,105,7.57,346.3635,-58.8992,2,1,197
TIC 144445282,144445282,105,105,7.81,359.2222,-43.3384,2,2,198
TIC 279316880,279316880,105,105,8.04,331.9802,-46.0453,2,3,199
TIC 234287863,234287863,105,105,7.89,336.0735,-63.1563,2,4,200
TIC 183582657,183582657,105,105,8.01,11.8714,-36.3518,3,1,201
TIC 355508120,355508120,105,105,8.01,15.1946,-57.7192,3,2,202
TIC 229156385,229156385,105,105,8.02,28.6403,-50.6215,3,3,203
TIC 32452634,32452634,105,105,8.01,27.7487,-33.6372,3,4,204
TIC 123255204,123255204,105,105,7.83,28.2491,-32.7771,4,1,205
TIC 129840634,129840634,105,105,7.48,55.3468,-41.7533,4,2,206
TIC 143028097,143028097,105,105,8.0,54.5141,-32.7413,4,3,207
TIC 71400062,71400062,105,105,8.05,46.8203,-20.6491,4,4,208
TIC 139721086,139721086,105,105,7.89,322.7643,-50.8472,1,1,209
TIC 320940203,320940203,105,105,8.05,324.653,-41.0971,1,2,210
TIC 34721929,34721929,105,105,8.02,306.6094,-33.3061,1,3,211
TIC 291194976,291194976,105,105,8.02,294.0595,-48.7238,1,4,212
TIC 235002901,235002901,105,105,7.58,351.6154,-63.2368,2,1,213
TIC 175411471,175411471,105,105,8.02,350.1192,-39.9921,2,2,214
TIC 117511950,117511950,105,105,8.05,339.4127,-47.8288,2,3,215
TIC 277715787,277715787,105,105,7.95,329.819,-62.4768,2,4,216
TIC 200671634,200671634,105,105,8.02,3.4265,-49.1984,3,1,217
TIC 382551780,382551780,105,105,8.01,19.4223,-51.0346,3,2,218
TIC 229157718,229157718,105,105,8.02,28.9248,-52.1418,3,3,219
TIC 111362929,111362929,105,105,8.02,31.4309,-41.1808,3,4,220
TIC 32522691,32522691,105,105,7.88,28.048,-32.5399,4,1,221
TIC 175517571,175517571,105,105,7.7,45.6425,-40.2441,4,2,222
TIC 166713554,166713554,105,105,8.01,55.8665,-33.5023,4,3,223
TIC 65399082,65399082,105,105,8.06,40.6028,-25.8908,4,4,224
TIC 100895652,100895652,105,105,7.94,312.8484,-50.6492,1,1,225
TIC 389527820,389527820,105,105,8.05,314.5394,-38.9899,1,2,226
TIC 290745249,290745249,105,105,8.02,307.6239,-37.0353,1,3,227
TIC 404027788,404027788,105,105,8.02,291.685,-50.0966,1,4,228
TIC 220501097,220501097,105,105,7.59,345.9978,-55.6981,2,1,229
TIC 183675845,183675845,105,105,8.02,358.258,-40.0139,2,2,230
TIC 382371872,382371872,105,105,8.05,329.8288,-42.042,2,3,231
TIC 403266389,403266389,105,105,7.95,330.8774,-60.1675,2,4,232
TIC 7148510,7148510,105,105,8.03,4.9072,-43.0821,3,1,233
TIC 206534188,206534188,105,105,8.04,17.4191,-55.9466,3,2,234
TIC 354654335,354654335,105,105,8.02,25.0956,-47.9127,3,3,235
TIC 140495832,140495832,105,105,8.07,21.4826,-35.751,3,4,236
TIC 65347620,65347620,105,105,7.92,39.7969,-28.2983,4,1,237
TIC 308265405,308265405,105,105,7.9,51.9751,-41.5071,4,2,238
TIC 166968974,166968974,105,105,8.01,60.5083,-30.4683,4,3,239
TIC 92346844,92346844,105,105,8.06,51.5319,-22.1606,4,4,240
TIC 79301758,79301758,105,105,8.0,318.8883,-51.0127,1,1,241
TIC 115114066,115114066,105,105,8.06,316.6658,-37.5656,1,2,242
TIC 290480337,290480337,105,105,8.03,306.058,-41.0645,1,3,243
TIC 79659787,79659787,105,105,8.03,295.6729,-46.0474,1,4,244
TIC 237329178,237329178,105,105,7.65,346.3512,-62.3909,2,1,245
TIC 144455250,144455250,105,105,8.03,359.6009,-43.9333,2,2,246
TIC 88329701,88329701,105,105,8.06,333.7961,-44.2025,2,3,247
TIC 394580364,394580364,105,105,7.98,338.5072,-60.1437,2,4,248
TIC 80430728,80430728,105,105,8.03,11.3881,-43.1409,3,1,249
TIC 281709735,281709735,105,105,8.05,11.1248,-54.3132,3,2,250
TIC 393483115,393483115,105,105,8.02,35.5444,-43.6135,3,3,251
TIC 152318830,152318830,105,105,8.07,29.4246,-36.9773,3,4,252
TIC 32453448,32453448,105,105,8.01,28.0118,-32.9798,4,1,253
TIC 215476767,215476767,105,105,7.91,43.4663,-40.1941,4,2,254
TIC 168698627,168698627,105,105,8.03,61.6863,-30.9203,4,3,255
TIC 441500807,441500807,105,105,8.06,46.6566,-17.4762,4,4,256
TIC 79403675,79403675,105,105,8.01,320.2085,-53.0349,1,1,257
TIC 159732516,159732516,105,105,8.06,318.901,-39.4529,1,2,258
TIC 300081112,300081112,105,105,8.03,297.4232,-36.8355,1,3,259
TIC 129140860,129140860,105,105,8.03,302.639,-45.4164,1,4,260
TIC 262815737,262815737,105,105,7.73,348.2779,-55.1066,2,1,261
TIC 402047030,402047030,105,105,8.04,352.3573,-48.4001,2,2,262
TIC 139470229,139470229,105,105,8.06,337.7628,-47.2995,2,3,263
TIC 219326123,219326123,105,105,8.01,331.4952,-56.4725,2,4,264
TIC 80509417,80509417,105,105,8.03,12.6108,-46.4819,3,1,265
TIC 281563487,281563487,105,105,8.06,7.2838,-55.6393,3,2,266
TIC 7245573,7245573,105,105,8.03,33.1993,-45.2158,3,3,267
TIC 111245923,111245923,105,105,8.09,30.4592,-39.3163,3,4,268
TIC 91515492,91515492,105,105,8.01,36.4053,-31.7984,4,1,269
TIC 142198784,142198784,105,105,8.01,37.9887,-43.2653,4,2,270
TIC 142875477,142875477,105,105,8.05,51.5309,-31.6612,4,3,271
TIC 88453672,88453672,105,105,8.07,46.1314,-24.4217,4,4,272
TIC 219303172,219303172,105,105,8.01,315.1353,-54.92,1,1,273
TIC 369215639,369215639,105,105,8.06,313.8153,-40.5707,1,2,274
TIC 439420089,439420089,105,105,8.03,301.2689,-34.0215,1,3,275
TIC 219927265,219927265,105,105,8.03,298.3686,-49.4762,1,4,276
TIC 220504581,220504581,105,105,7.88,346.5441,-58.694,2,1,277
TIC 161440007,161440007,105,105,8.05,345.7226,-49.0639,2,2,278
TIC 139845588,139845588,105,105,8.06,325.8843,-48.8562,2,3,279
TIC 219327284,219327284,105,105,8.01,333.52,-59.4946,2,4,280
TIC 101947808,101947808,105,105,8.03,14.5243,-44.1334,3,1,281
TIC 206549835,206549835,105,105,8.07,18.5519,-59.5123,3,2,282
TIC 142169429,142169429,105,105,8.05,37.121,-45.0229,3,3,283
TIC 181164356,181164356,105,105,8.09,16.507,-39.4139,3,4,284
TIC 123267854,123267854,105,105,8.01,28.4616,-30.3023,4,1,285
TIC 146654383,146654383,105,105,8.01,42.804,-45.9942,4,2,286
TIC 325708934,325708934,105,105,8.05,56.9077,-27.1847,4,3,287
TIC 92228844,92228844,105,105,8.07,48.9577,-26.3925,4,4,288
TIC 231627272,231627272,105,105,8.01,316.9732,-56.6361,1,1,289
TIC 159641988,159641988,105,105,8.07,317.9362,-35.8987,1,2,290
TIC 291011593,291011593,105,105,8.04,309.4493,-36.0665,1,3,291
TIC 355138159,355138159,105,105,8.03,307.1914,-45.3874,1,4,292
TIC 201177084,201177084,105,105,8.01,357.9129,-53.8931,2,1,293
TIC 144398582,144398582,105,105,8.06,357.5772,-47.4538,2,2,294
TIC 382420474,382420474,105,105,8.06,335.699,-46.1653,2,3,295
TIC 219328436,219328436,105,105,8.01,333.5096,-55.2991,2,4,296
TIC 179985566,179985566,105,105,8.03,13.8629,-37.5249,3,1,297
TIC 382524669,382524669,105,105,8.07,13.3698,-51.0528,3,2,298
TIC 166765288,166765288,105,105,8.05,37.7367,-52.0001,3,3,299
TIC 401838998,401838998,105,105,8.09,26.2289,-43.6455,3,4,300
TIC 139525924,139525924,105,105,8.01,36.4256,-27.1442,4,1,301
TIC 231297873,231297873,105,105,8.01,45.1568,-48.2108,4,2,302
TIC 129836962,129836962,105,105,8.06,54.9008,-35.94,4,3,303
TIC 65346708,65346708,105,105,8.08,39.7051,-25.3658,4,4,304
TIC 360915662,360915662,105,105,8.01,310.4853,-59.009,1,1,305
TIC 197601156,197601156,105,105,8.07,327.5501,-38.2303,1,2,306
TIC 355052397,355052397,105,105,8.04,303.5187,-36.6152,1,3,307
TIC 101231357,101231357,105,105,8.04,299.3248,-48.0218,1,4,308
TIC 339578340,339578340,105,105,8.01,359.1539,-59.5327,2,1,309
TIC 224268135,224268135,105,105,8.06,354.1141,-40.1632,2,2,310
TIC 161171437,161171437,105,105,8.07,339.7331,-50.0149,2,3,311
TIC 161169386,161169386,105,105,8.03,339.5662,-53.9515,2,4,312
TIC 229091476,229091476,105,105,8.04,3.7905,-44.6506,3,1,313
TIC 206500773,206500773,105,105,8.08,15.8523,-54.1622,3,2,314
TIC 219998026,219998026,105,105,8.05,31.8263,-53.1992,3,3,315
TIC 401868338,401868338,105,105,8.12,27.0203,-42.1359,3,4,316
TIC 123366634,123366634,105,105,8.02,31.2621,-31.8004,4,1,317
TIC 152966470,152966470,105,105,8.03,47.1334,-44.3142,4,2,318
TIC 142960733,142960733,105,105,8.06,53.4738,-33.4373,4,3,319
TIC 88348916,88348916,105,105,8.08,44.3011,-24.6265,4,4,320
TIC 166551954,166551954,105,105,8.02,305.2892,-52.5905,1,1,321
TIC 126804554,126804554,105,105,8.09,316.9449,-42.2454,1,2,322
TIC 389447098,389447098,105,105,8.04,312.1785,-37.1642,1,3,323
TIC 200248099,200248099,105,105,8.04,294.4967,-50.6805,1,4,324
TIC 201288535,201288535,105,105,8.02,2.3273,-59.0605,2,1,325
TIC 144285137,144285137,105,105,8.07,354.186,-42.3626,2,2,326
TIC 197734220,197734220,105,105,8.07,330.5147,-39.1125,2,3,327
TIC 139898595,139898595,105,105,8.04,326.9088,-52.303,2,4,328
TIC 80314629,80314629,105,105,8.05,8.1279,-44.0659,3,1,329
TIC 230980624,230980624,105,105,8.08,24.2605,-54.558,3,2,330
TIC 166801868,166801868,105,105,8.06,38.9082,-49.5643,3,3,331
TIC 32432767,32432767,105,105,8.13,27.4076,-34.4591,3,4,332
TIC 311237365,311237365,105,105,8.02,38.807,-34.9818,4,1,333
TIC 153077619,153077619,105,105,8.04,49.6612,-42.6421,4,2,334
TIC 168634010,168634010,105,105,8.06,60.7073,-31.2426,4,3,335
TIC 88524791,88524791,105,105,8.09,48.1211,-29.4222,4,4,336
TIC 79023394,79023394,105,105,8.03,315.4307,-49.6073,1,1,337
TIC 92593091,92593091,105,105,8.1,315.4417,-35.4712,1,2,338
TIC 262470159,262470159,105,105,8.05,312.1316,-37.9682,1,3,339
TIC 404125110,404125110,105,105,8.04,292.4541,-48.2578,1,4,340
TIC 220490324,220490324,105,105,8.02,344.1077,-57.78,2,1,341
TIC 425863973,425863973,105,105,8.07,352.1288,-46.714,2,2,342
TIC 278828306,278828306,105,105,8.07,336.3732,-39.4897,2,3,343
TIC 381855290,381855290,105,105,8.05,322.2849,-55.1667,2,4,344
TIC 101935230,101935230,105,105,8.07,13.7781,-41.9786,3,1,345
TIC 156070640,156070640,105,105,8.09,9.8006,-52.6049,3,2,346
TIC 7317423,7317423,105,105,8.07,34.8615,-45.665,3,3,347
TIC 262530871,262530871,105,105,8.13,20.5092,-44.425,3,4,348
TIC 632011518,632011518,105,105,8.02,34.9487,-35.4452,4,1,349
TIC 215480877,215480877,105,105,8.04,43.4329,-41.2521,4,2,350
TIC 168752196,168752196,105,105,8.06,62.7679,-34.113,4,3,351
TIC 144539611,144539611,105,105,8.09,52.3471,-24.1001,4,4,352
TIC 79394364,79394364,105,105,8.03,319.8886,-53.612,1,1,353
TIC 115014739,115014739,105,105,8.11,315.6678,-39.2809,1,2,354
TIC 300840726,300840726,105,105,8.05,300.3919,-36.8511,1,3,355
TIC 80166433,80166433,105,105,8.05,298.2878,-46.37,1,4,356
TIC 234299744,234299744,105,105,8.02,358.7205,-62.1347,2,1,357
TIC 175296097,175296097,105,105,8.08,347.2084,-40.2638,2,2,358
TIC 139457787,139457787,105,105,8.08,336.9895,-42.6875,2,3,359
TIC 389021976,389021976,105,105,8.05,331.1854,-60.4647,2,4,360
TIC 118826494,118826494,105,105,8.07,11.1542,-36.9438,3,1,361
TIC 322054057,322054057,105,105,8.1,14.2322,-51.8754,3,2,362
TIC 160263882,160263882,105,105,8.09,28.425,-46.0345,3,3,363
TIC 115271947,115271947,105,105,8.15,25.4085,-40.4043,3,4,364
TIC 122669243,122669243,105,105,8.07,41.8193,-34.7875,4,1,365
TIC 159937910,159937910,105,105,8.05,49.3452,-40.47,4,2,366
TIC 166900603,166900603,105,105,8.07,60.0106,-35.6378,4,3,367
TIC 144463670,144463670,105,105,8.13,49.0162,-28.6344,4,4,368
TIC 100828499,100828499,105,105,8.03,312.164,-50.5093,1,1,369
TIC 126944775,126944775,105,105,8.11,318.5807,-42.799,1,2,370
TIC 290665716,290665716,105,105,8.06,307.4575,-39.4555,1,3,371
TIC 129041173,129041173,105,105,8.05,302.0055,-44.1931,1,4,372
TIC 220492687,220492687,105,105,8.03,344.588,-59.4083,2,1,373
TIC 144403542,144403542,105,105,8.09,357.9606,-44.5054,2,2,374
TIC 121475494,121475494,105,105,8.09,343.1508,-44.9673,2,3,375
TIC 231703102,231703102,105,105,8.06,335.5314,-58.4789,2,4,376
TIC 179823154,179823154,105,105,8.07,13.5806,-38.231,3,1,377
TIC 155917395,155917395,105,105,8.11,5.0731,-51.9785,3,2,378
TIC 7218781,7218781,105,105,8.13,32.0954,-46.3732,3,3,379
TIC 41858253,41858253,105,105,8.16,20.3726,-40.9714,3,4,380
TIC 123318795,123318795,105,105,8.07,29.6952,-32.2223,4,1,381
TIC 323297738,323297738,105,105,8.05,52.9683,-40.3846,4,2,382
TIC 89183726,89183726,105,105,8.08,56.2631,-25.7357,4,3,383
TIC 89094896,89094896,105,105,8.14,54.7499,-24.0878,4,4,384
TIC 422004982,422004982,105,105,8.03,301.4085,-54.8225,1,1,385
TIC 200643254,200643254,105,105,8.11,320.4154,-46.1222,1,2,386
TIC 300020529,300020529,105,105,8.06,297.1631,-37.994,1,3,387
TIC 291170750,291170750,105,105,8.05,292.8526,-51.6785,1,4,388
TIC 234294074,234294074,105,105,8.03,357.4954,-60.1448,2,1,389
TIC 144433625,144433625,105,105,8.09,358.4682,-46.8308,2,2,390
TIC 140068194,140068194,105,105,8.1,330.338,-48.211,2,3,391
TIC 394581017,394581017,105,105,8.06,338.4879,-62.6004,2,4,392
TIC 80361793,80361793,105,105,8.08,9.3691,-44.4079,3,1,393
TIC 206590268,206590268,105,105,8.12,20.5789,-56.7317,3,2,394
TIC 184533481,184533481,105,105,8.14,29.8311,-44.7418,3,3,395
TIC 115282972,115282972,105,105,8.16,26.4614,-38.6371,3,4,396
TIC 122522061,122522061,105,105,8.08,38.6107,-33.8475,4,1,397
TIC 142304592,142304592,105,105,8.06,41.267,-45.3653,4,2,398
TIC 142852626,142852626,105,105,8.08,50.3301,-29.9879,4,3,399
TIC 204613960,204613960,105,105,8.14,41.6782,-22.6612,4,4,400
TIC 220345349,220345349,105,105,8.04,307.4018,-53.9212,1,1,401
TIC 159732916,159732916,105,105,8.12,318.7644,-38.4356,1,2,402
TIC 300455525,300455525,105,105,8.06,298.8769,-37.3137,1,3,403
TIC 304985492,304985492,105,105,8.05,288.3601,-48.4023,1,4,404
TIC 234291977,234291977,105,105,8.04,357.099,-62.0081,2,1,405
TIC 382426322,382426322,105,105,8.09,350.1999,-46.4993,2,2,406
TIC 88328317,88328317,105,105,8.11,333.5515,-44.7145,2,3,407
TIC 139763242,139763242,105,105,8.07,323.7742,-52.5899,2,4,408
TIC 101949434,101949434,105,105,8.08,14.8705,-46.6134,3,1,409
TIC 229115773,229115773,105,105,8.13,18.1643,-49.7685,3,2,410
TIC 220014931,220014931,105,105,8.15,32.0885,-53.491,3,3,411
TIC 115275287,115275287,105,105,8.17,25.9678,-37.1309,3,4,412
TIC 72779475,72779475,105,105,8.09,35.4046,-29.6101,4,1,413
TIC 142315312,142315312,105,105,8.06,41.4701,-45.6077,4,2,414
TIC 89114582,89114582,105,105,8.1,55.4172,-28.8337,4,3,415
TIC 64112314,64112314,105,105,8.16,40.4299,-21.1712,4,4,416
TIC 166629107,166629107,105,105,8.05,313.6421,-52.5239,1,1,417
TIC 147148195,147148195,105,105,8.13,322.5377,-47.7592,1,2,418
TIC 291111653,291111653,105,105,8.07,309.8085,-37.4112,1,3,419
TIC 61896955,61896955,105,105,8.07,289.9325,-46.3766,1,4,420
TIC 262789062,262789062,105,105,8.04,348.3697,-58.7663,2,1,421
TIC 144435085,144435085,105,105,8.1,358.7216,-41.9983,2,2,422
TIC 71266277,71266277,105,105,8.12,330.0135,-42.9522,2,3,423
TIC 144004245,144004245,105,105,8.07,336.6542,-52.6813,2,4,424
TIC 101931962,101931962,105,105,8.09,13.305,-47.8429,3,1,425
TIC 281727553,281727553,105,105,8.13,11.5855,-58.2674,3,2,426
TIC 274017287,274017287,105,105,8.15,34.0026,-50.7723,3,3,427
TIC 152310131,152310131,105,105,8.17,29.3847,-40.6362,3,4,428
TIC 65325205,65325205,105,105,8.1,38.9254,-28.312,4,1,429
TIC 321067350,321067350,105,105,8.06,44.1006,-36.0159,4,2,430
TIC 140139673,140139673,105,105,8.1,58.0914,-37.5243,4,3,431
TIC 71445771,71445771,105,105,8.16,47.5678,-20.5558,4,4,432
TIC 219260541,219260541,105,105,8.05,309.0534,-58.3175,1,1,433
TIC 91310628,91310628,105,105,8.15,311.4555,-43.2467,1,2,434
TIC 300841993,300841993,105,105,8.07,300.4334,-38.2281,1,3,435
TIC 128843322,128843322,105,105,8.07,300.6436,-44.222,1,4,436
TIC 425905468,425905468,105,105,8.05,2.2081,-60.1373,2,1,437
TIC 197963087,197963087,105,105,8.1,348.6965,-48.996,2,2,438
TIC 278515459,278515459,105,105,8.12,332.1927,-39.4637,2,3,439
TIC 219137894,219137894,105,105,8.08,342.1831,-54.3601,2,4,440
TIC 229091700,229091700,105,105,8.09,3.762,-45.9778,3,1,441
TIC 281599082,281599082,105,105,8.14,9.1359,-57.0951,3,2,442
TIC 160196644,160196644,105,105,8.16,27.5803,-47.2699,3,3,443
TIC 183618947,183618947,105,105,8.18,18.6353,-40.5493,3,4,444
TIC 123370003,123370003,105,105,8.11,31.9143,-33.0453,4,1,445
TIC 79547762,79547762,105,105,8.08,50.801,-44.2314,4,2,446
TIC 142851546,142851546,105,105,8.11,50.1772,-35.1986,4,3,447
TIC 406477930,406477930,105,105,8.16,53.409,-22.9504,4,4,448
TIC 220373696,220373696,105,105,8.05,308.9687,-54.1538,1,1,449
TIC 389529907,389529907,105,105,8.15,325.4592,-37.9641,1,2,450
TIC 152745202,152745202,105,105,8.08,304.846,-33.1537,1,3,451
TIC 128913158,128913158,105,105,8.07,301.1456,-43.5594,1,4,452
TIC 234291808,234291808,105,105,8.06,357.1836,-61.2055,2,1,453
TIC 201229564,201229564,105,105,8.1,359.0018,-47.9437,2,2,454
TIC 382415461,382415461,105,105,8.12,335.6912,-44.3248,2,3,455
TIC 231708574,231708574,105,105,8.08,339.7599,-58.2286,2,4,456
TIC 80418757,80418757,105,105,8.1,10.2165,-46.8223,3,1,457
TIC 281797898,281797898,105,105,8.14,13.887,-56.7412,3,2,458
TIC 229147944,229147944,105,105,8.16,27.1872,-48.4138,3,3,459
TIC 41832541,41832541,105,105,8.19,19.4692,-36.529,3,4,460
TIC 122556717,122556717,105,105,8.12,39.4432,-30.5721,4,1,461
TIC 159894075,159894075,105,105,8.09,48.2843,-36.48,4,2,462
TIC 165219211,165219211,105,105,8.11,57.0118,-39.9307,4,3,463
TIC 257526283,257526283,105,105,8.17,45.9909,-21.0925,4,4,464
TIC 100382531,100382531,105,105,8.06,307.8869,-48.0085,1,1,465
TIC 139765633,139765633,105,105,8.17,324.113,-48.0553,1,2,466
TIC 441383419,441383419,105,105,8.08,309.9489,-32.1285,1,3,467
TIC 61857507,61857507,105,105,8.08,289.4767,-44.6104,1,4,468
TIC 235040315,235040315,105,105,8.08,354.1322,-62.7553,2,1,469
TIC 224283245,224283245,105,105,8.1,356.3595,-40.9242,2,2,470
TIC 389723412,389723412,105,105,8.12,329.2331,-44.3129,2,3,471
TIC 265610450,265610450,105,105,8.08,332.1109,-59.4878,2,4,472
TIC 183535256,183535256,105,105,8.1,5.5361,-38.3849,3,1,473
TIC 322063016,322063016,105,105,8.15,14.181,-52.2867,3,2,474
TIC 160220441,160220441,105,105,8.17,27.7814,-44.1146,3,3,475
TIC 41898948,41898948,105,105,8.19,21.8391,-39.4627,3,4,476
TIC 70513361,70513361,105,105,8.13,32.5355,-31.0712,4,1,477
TIC 146708855,146708855,105,105,8.1,43.9653,-43.2529,4,2,478
TIC 176780393,176780393,105,105,8.11,48.3002,-33.5604,4,3,479
TIC 88406214,88406214,105,105,8.18,45.4093,-25.4272,4,4,480
TIC 100615932,100615932,105,105,8.06,309.9823,-53.3926,1,1,481
TIC 147284977,147284977,105,105,8.17,324.8787,-43.0304,1,2,482
TIC 389349360,389349360,105,105,8.09,310.8651,-37.7447,1,3,483
TIC 421435209,421435209,105,105,8.08,293.0899,-42.1245,1,4,484
TIC 316967119,316967119,105,105,8.08,356.4797,-58.3699,2,1,485
TIC 224287447,224287447,105,105,8.1,356.7208,-41.8662,2,2,486
TIC 278634046,278634046,105,105,8.13,333.8198,-39.1408,2,3,487
TIC 394557413,394557413,105,105,8.08,335.1037,-63.0162,2,4,488
TIC 101935408,101935408,105,105,8.13,13.8086,-43.0485,3,1,489
TIC 234520902,234520902,105,105,8.16,15.1329,-60.6979,3,2,490
TIC 166744141,166744141,105,105,8.2,36.8985,-49.8905,3,3,491
TIC 140432638,140432638,105,105,8.19,20.2757,-35.6084,3,4,492
TIC 72668676,72668676,105,105,8.13,33.3561,-28.6897,4,1,493
TIC 152966205,152966205,105,105,8.1,47.0585,-42.8892,4,2,494
TIC 369371844,369371844,105,105,8.11,59.6386,-36.7961,4,3,495
TIC 144539383,144539383,105,105,8.18,52.2553,-24.8956,4,4,496
TIC 100668092,100668092,105,105,8.06,310.6516,-48.4151,1,1,497
TIC 139113397,139113397,105,105,8.18,319.7623,-44.2805,1,2,498
TIC 152715346,152715346,105,105,8.1,304.7538,-29.9976,1,3,499
TIC 114681345,114681345,105,105,8.1,293.971,-41.4461,1,4,500
TIC 369964729,369964729,105,105,8.08,4.2995,-61.2584,2,1,501
TIC 139283644,139283644,105,105,8.12,347.8421,-45.6251,2,2,502
TIC 143981396,143981396,105,105,8.14,335.5095,-49.0506,2,3,503
TIC 370283442,370283442,105,105,8.09,336.1962,-56.0044,2,4,504
TIC 179678584,179678584,105,105,8.17,13.4771,-37.0801,3,1,505
TIC 206590856,206590856,105,105,8.17,20.7765,-54.1832,3,2,506
TIC 165940297,165940297,105,105,8.21,31.5325,-45.2349,3,3,507
TIC 229093048,229093048,105,105,8.19,19.0764,-42.4796,3,4,508
TIC 122616490,122616490,105,105,8.13,41.5856,-34.9102,4,1,509
TIC 209407706,209407706,105,105,8.1,45.0924,-35.0945,4,2,510
TIC 209457341,209457341,105,105,8.12,46.6443,-32.6672,4,3,511
TIC 423783847,423783847,105,105,8.18,52.1282,-25.7004,4,4,512
TIC 139700081,139700081,105,105,8.07,322.383,-52.897,1,1,513
TIC 159734479,159734479,105,105,8.18,318.9345,-37.1834,1,2,514
TIC 211274192,211274192,105,105,8.11,299.8753,-33.0365,1,3,515
TIC 128789494,128789494,105,105,8.1,300.232,-42.0224,1,4,516
TIC 280794907,280794907,105,105,8.09,359.2635,-60.4035,2,1,517
TIC 139285666,139285666,105,105,8.12,347.9678,-45.137,2,2,518
TIC 88244880,88244880,105,105,8.15,332.7629,-43.4586,2,3,519
TIC 469903573,469903573,105,105,8.09,335.3437,-52.2485,2,4,520
TIC 80453215,80453215,105,105,8.18,12.1758,-47.1163,3,1,521
TIC 469974742,469974742,105,105,8.17,8.1171,-60.6729,3,2,522
TIC 219986012,219986012,105,105,8.21,29.9561,-50.5667,3,3,523
TIC 32290739,32290739,105,105,8.2,24.2929,-33.5064,3,4,524
TIC 122555448,122555448,105,105,8.15,39.2922,-32.9063,4,1,525
TIC 146728657,146728657,105,105,8.11,45.2212,-45.2801,4,2,526
TIC 142930937,142930937,105,105,8.13,52.3352,-35.5821,4,3,527
TIC 71344880,71344880,105,105,8.21,44.93,-23.3817,4,4,528
TIC 219262080,219262080,105,105,8.07,309.0104,-54.942,1,1,529
TIC 197575514,197575514,105,105,8.18,326.3488,-41.9844,1,2,530
TIC 441399632,441399632,105,105,8.11,310.4604,-33.8881,1,3,531
TIC 129028414,129028414,105,105,8.1,301.4596,-47.3788,1,4,532
TIC 201334108,201334108,105,105,8.1,4.7754,-56.4609,2,1,533
TIC 139350006,139350006,105,105,8.12,349.0984,-45.8758,2,2,534
TIC 144456476,144456476,105,105,8.15,335.8523,-43.4068,2,3,535
TIC 232062851,232062851,105,105,8.1,339.6491,-63.5728,2,4,536
TIC 115693368,115693368,105,105,8.18,6.9803,-41.9673,3,1,537
TIC 206541781,206541781,105,105,8.18,18.091,-57.3621,3,2,538
TIC 219990936,219990936,105,105,8.22,30.6458,-52.5324,3,3,539
TIC 183588622,183588622,105,105,8.2,17.1794,-39.9848,3,4,540
TIC 122669969,122669969,105,105,8.16,42.0039,-32.286,4,1,541
TIC 165163786,165163786,105,105,8.14,47.1423,-41.3378,4,2,542
TIC 44646912,44646912,105,105,8.14,59.4665,-27.8723,4,3,543
TIC 209408331,209408331,105,105,8.22,45.0536,-31.6405,4,4,544
TIC 422005639,422005639,105,105,8.07,301.4999,-55.8933,1,1,545
TIC 382319010,382319010,105,105,8.18,318.3441,-45.6436,1,2,546
TIC 211333421,211333421,105,105,8.12,300.456,-35.6111,1,3,547
TIC 421363972,421363972,105,105,8.1,292.8926,-42.9588,1,4,548
TIC 220509935,220509935,105,105,8.1,347.3421,-59.0077,2,1,549
TIC 201233593,201233593,105,105,8.13,359.4454,-49.4002,2,2,550
TIC 71314259,71314259,105,105,8.17,330.4729,-46.387,2,3,551
TIC 469943599,469943599,105,105,8.11,341.6524,-56.6,2,4,552
TIC 165878493,165878493,105,105,8.18,1.2779,-42.568,3,1,553
TIC 156000591,156000591,105,105,8.19,8.0885,-51.9906,3,2,554
TIC 199731400,199731400,105,105,8.24,21.3775,-47.2272,3,3,555
TIC 123319998,123319998,105,105,8.21,29.8358,-35.739,3,4,556
TIC 77092480,77092480,105,105,8.18,34.3364,-38.6698,4,1,557
TIC 100974442,100974442,105,105,8.15,54.3683,-42.4695,4,2,558
TIC 89186641,89186641,105,105,8.15,57.6075,-29.6762,4,3,559
TIC 326211924,326211924,105,105,8.22,41.0304,-20.5235,4,4,560
TIC 100767052,100767052,105,105,8.08,311.7493,-49.0213,1,1,561
TIC 159638876,159638876,105,105,8.2,317.7561,-40.5393,1,2,562
TIC 290632021,290632021,105,105,8.13,307.0576,-38.0002,1,3,563
TIC 114727938,114727938,105,105,8.11,294.1073,-39.7194,1,4,564
TIC 234993582,234993582,105,105,8.1,350.1351,-63.5433,2,1,565
TIC 402026984,402026984,105,105,8.13,353.4603,-45.6492,2,2,566
TIC 231240670,231240670,105,105,8.17,330.7887,-49.3298,2,3,567
TIC 231670778,231670778,105,105,8.13,320.1082,-59.2243,2,4,568
TIC 118115269,118115269,105,105,8.2,10.0574,-37.5794,3,1,569
TIC 229115589,229115589,105,105,8.19,18.2216,-48.8432,3,2,570
TIC 219992932,219992932,105,105,8.24,31.0745,-51.1542,3,3,571
TIC 140496111,140496111,105,105,8.21,21.6905,-34.1612,3,4,572
TIC 120916069,120916069,105,105,8.18,37.1503,-29.2733,4,1,573
TIC 215258001,215258001,105,105,8.15,42.6464,-38.746,4,2,574
TIC 89113546,89113546,105,105,8.16,55.3502,-25.3452,4,3,575
TIC 408249361,408249361,105,105,8.22,51.3485,-24.5778,4,4,576
TIC 370141811,370141811,105,105,8.08,310.1586,-55.7337,1,1,577
TIC 197598203,197598203,105,105,8.2,327.2365,-40.3469,1,2,578
TIC 290925810,290925810,105,105,8.13,308.8342,-40.2852,1,3,579
TIC 143762392,143762392,105,105,8.12,285.3906,-46.9669,1,4,580
TIC 237326584,237326584,105,105,8.11,345.7828,-60.4431,2,1,581
TIC 393950811,393950811,105,105,8.16,345.679,-39.7693,2,2,582
TIC 278827695,278827695,105,105,8.19,336.3075,-41.7662,2,3,583
TIC 403237036,403237036,105,105,8.13,330.6278,-62.0487,2,4,584
TIC 156004112,156004112,105,105,8.2,8.7622,-48.9341,3,1,585
TIC 281543010,281543010,105,105,8.19,6.8684,-58.9531,3,2,586
TIC 231274037,231274037,105,105,8.24,41.3801,-50.1308,3,3,587
TIC 41994005,41994005,105,105,8.22,23.6234,-40.8315,3,4,588
TIC 146249749,146249749,105,105,8.18,34.948,-35.4456,4,1,589
TIC 91555460,91555460,105,105,8.16,44.0514,-35.1639,4,2,590
TIC 129814095,129814095,105,105,8.16,54.6,-36.6249,4,3,591
TIC 65348249,65348249,105,105,8.23,39.7808,-24.5069,4,4,592
TIC 100518933,100518933,105,105,8.09,309.0638,-52.6852,1,1,593
TIC 147147526,147147526,105,105,8.21,322.2911,-46.3637,1,2,594
TIC 269634857,269634857,105,105,8.14,302.0845,-38.8008,1,3,595
TIC 101777834,101777834,105,105,8.13,303.5231,-48.8118,1,4,596
TIC 262818763,262818763,105,105,8.11,348.685,-54.5098,2,1,597
TIC 144398869,144398869,105,105,8.18,357.6579,-45.9513,2,2,598
TIC 139933139,139933139,105,105,8.2,327.2799,-48.9968,2,3,599
TIC 219137548,219137548,105,105,8.14,342.0308,-55.7911,2,4,600
TIC 180145859,180145859,105,105,8.21,14.3944,-41.257,3,1,601
TIC 281594845,281594845,105,105,8.19,8.2885,-54.1546,3,2,602
TIC 220015232,220015232,105,105,8.25,32.3188,-52.6337,3,3,603
TIC 115350571,115350571,105,105,8.22,27.9016,-38.3558,3,4,604
TIC 257723089,257723089,105,105,8.18,37.1456,-32.9289,4,1,605
TIC 142273588,142273588,105,105,8.16,40.1873,-45.1665,4,2,606
TIC 168794172,168794172,105,105,8.16,63.985,-31.9878,4,3,607
TIC 144495867,144495867,105,105,8.24,49.6071,-24.1018,4,4,608
TIC 79305024,79305024,105,105,8.11,319.1124,-53.0046,1,1,609
TIC 389587663,389587663,105,105,8.21,311.9876,-45.2177,1,2,610
TIC 278406858,278406858,105,105,8.14,303.4828,-30.9031,1,3,611
TIC 129209617,129209617,105,105,8.13,303.0443,-43.7044,1,4,612
TIC 266996987,266996987,105,105,8.12,349.9446,-54.7182,2,1,613
TIC 469934741,469934741,105,105,8.18,351.1252,-49.3477,2,2,614
TIC 92141603,92141603,105,105,8.21,333.8993,-42.9768,2,3,615
TIC 238814023,238814023,105,105,8.14,327.3881,-61.4635,2,4,616
TIC 322008992,322008992,105,105,8.21,3.2265,-43.5704,3,1,617
TIC 281639246,281639246,105,105,8.19,9.4889,-58.062,3,2,618
TIC 142218811,142218811,105,105,8.26,39.0335,-46.2546,3,3,619
TIC 140431282,140431282,105,105,8.22,19.9274,-33.7212,3,4,620
TIC 65345479,65345479,105,105,8.19,39.4211,-29.3235,4,1,621
TIC 146687419,146687419,105,105,8.16,42.9362,-47.2038,4,2,622
TIC 176841971,176841971,105,105,8.16,49.2243,-34.8024,4,3,623
TIC 218986661,218986661,105,105,8.24,42.3389,-21.6562,4,4,624
TIC 139728864,139728864,105,105,8.11,323.1056,-50.787,1,1,625
TIC 469854402,469854402,105,105,8.21,321.2964,-47.9069,1,2,626
TIC 291059336,291059336,105,105,8.14,309.4979,-39.2285,1,3,627
TIC 219925222,219925222,105,105,8.13,298.4645,-52.6572,1,4,628
TIC 234968587,234968587,105,105,8.13,349.207,-61.8612,2,1,629
TIC 197954428,197954428,105,105,8.19,347.1664,-48.9953,2,2,630
TIC 117518457,117518457,105,105,8.21,340.2011,-45.5664,2,3,631
TIC 277691038,277691038,105,105,8.15,329.5283,-60.8895,2,4,632
TIC 80474441,80474441,105,105,8.22,12.474,-43.9903,3,1,633
TIC 402028558,402028558,105,105,8.19,16.6942,-48.078,3,2,634
TIC 231048207,231048207,105,105,8.26,29.0381,-54.4029,3,3,635
TIC 41954053,41954053,105,105,8.23,21.9547,-37.668,3,4,636
TIC 49618208,49618208,105,105,8.2,37.9681,-36.9262,4,1,637
TIC 308267477,308267477,105,105,8.16,52.1388,-41.6085,4,2,638
TIC 423782901,423782901,105,105,8.17,52.052,-29.4278,4,3,639
TIC 257555692,257555692,105,105,8.24,46.5112,-19.2879,4,4,640
TIC 231641537,231641537,105,105,8.12,318.3724,-59.0977,1,1,641
TIC 147115399,147115399,105,105,8.22,321.8406,-47.1585,1,2,642
TIC 269586620,269586620,105,105,8.16,301.7065,-40.9028,1,3,643
TIC 425816002,425816002,105,105,8.13,305.9447,-46.9752,1,4,644
TIC 219338105,219338105,105,105,8.14,354.5752,-56.8353,2,1,645
TIC 139256883,139256883,105,105,8.2,347.2709,-46.7257,2,2,646
TIC 89018471,89018471,105,105,8.25,337.9469,-45.9803,2,3,647
TIC 370232454,370232454,105,105,8.15,325.679,-58.3894,2,4,648
TIC 102072525,102072525,105,105,8.22,17.9412,-45.911,3,1,649
TIC 206563239,206563239,105,105,8.2,19.7325,-54.9141,3,2,650
TIC 300997574,300997574,105,105,8.26,30.9995,-43.9998,3,3,651
TIC 32267583,32267583,105,105,8.24,23.5648,-34.3237,3,4,652
TIC 123335909,123335909,105,105,8.2,30.6137,-33.4647,4,1,653
TIC 160004409,160004409,105,105,8.19,50.8792,-38.3777,4,2,654
TIC 142888833,142888833,105,105,8.19,51.8464,-34.5061,4,3,655
TIC 64105494,64105494,105,105,8.25,39.3402,-23.7226,4,4,656
TIC 100227109,100227109,105,105,8.13,306.2134,-50.147,1,1,657
TIC 197570902,197570902,105,105,8.22,326.032,-39.2316,1,2,658
TIC 152796276,152796276,105,105,8.17,305.0077,-32.0954,1,3,659
TIC 143396585,143396585,105,105,8.14,294.2075,-44.5998,1,4,660
TIC 425931249,425931249,105,105,8.16,2.7441,-61.7464,2,1,661
TIC 144377264,144377264,105,105,8.2,356.602,-46.3309,2,2,662
TIC 161135636,161135636,105,105,8.25,338.4622,-49.7892,2,3,663
TIC 381857833,381857833,105,105,8.16,322.5175,-56.2779,2,4,664
TIC 120430137,120430137,105,105,8.22,0.7399,-39.5277,3,1,665
TIC 234502511,234502511,105,105,8.2,11.4658,-60.0054,3,2,666
TIC 158621849,158621849,105,105,8.27,22.4847,-48.3517,3,3,667
TIC 70489829,70489829,105,105,8.24,22.2586,-33.349,3,4,668
TIC 65325436,65325436,105,105,8.21,38.9345,-26.697,4,1,669
TIC 152969181,152969181,105,105,8.2,47.5509,-43.7211,4,2,670
TIC 144651951,144651951,105,105,8.19,53.9609,-26.7875,4,3,671
TIC 71400887,71400887,105,105,8.25,46.937,-22.4532,4,4,672
TIC 370132474,370132474,105,105,8.13,307.1184,-54.5996,1,1,673
TIC 207079467,207079467,105,105,8.23,320.9084,-37.111,1,2,674
TIC 290417892,290417892,105,105,8.17,305.6939,-37.2625,1,3,675
TIC 101309914,101309914,105,105,8.15,300.127,-52.3868,1,4,676
TIC 262815962,262815962,105,105,8.18,348.2335,-54.1867,2,1,677
TIC 144386733,144386733,105,105,8.2,357.2477,-45.0072,2,2,678
TIC 144002630,144002630,105,105,8.28,336.5132,-49.5655,2,3,679
TIC 265438551,265438551,105,105,8.17,321.1116,-60.6757,2,4,680
TIC 160188131,160188131,105,105,8.22,6.4984,-46.9741,3,1,681
TIC 322053620,322053620,105,105,8.22,14.2892,-49.598,3,2,682
TIC 160221083,160221083,105,105,8.27,28.0621,-47.5117,3,3,683
TIC 41898667,41898667,105,105,8.28,21.8058,-41.2485,3,4,684
TIC 72639071,72639071,105,105,8.21,32.1426,-28.5502,4,1,685
TIC 91596513,91596513,105,105,8.21,38.7795,-39.9951,4,2,686
TIC 166750610,166750610,105,105,8.19,56.7385,-33.6993,4,3,687
TIC 65481072,65481072,105,105,8.26,42.7447,-28.1325,4,4,688
TIC 79225710,79225710,105,105,8.14,317.9002,-52.1631,1,1,689
TIC 369250964,369250964,105,105,8.24,314.2953,-37.9634,1,2,690
TIC 290820376,290820376,105,105,8.17,308.1919,-36.2289,1,3,691
TIC 158509309,158509309,105,105,8.15,294.7878,-49.8568,1,4,692
TIC 220508771,220508771,105,105,8.21,346.9706,-54.075,2,1,693
TIC 175296437,175296437,105,105,8.22,347.1356,-41.8443,2,2,694
TIC 161112323,161112323,105,105,8.28,338.4091,-48.2686,2,3,695
TIC 370282395,370282395,105,105,8.17,336.221,-59.78,2,4,696
TIC 155991147,155991147,105,105,8.23,7.5823,-48.0536,3,1,697
TIC 156016142,156016142,105,105,8.23,8.945,-50.2884,3,2,698
TIC 354655848,354655848,105,105,8.28,33.787,-51.4825,3,3,699
TIC 42013134,42013134,105,105,8.28,23.9369,-39.2453,3,4,700
TIC 70523408,70523408,105,105,8.22,32.9304,-31.3983,4,1,701
TIC 159898381,159898381,105,105,8.21,48.8216,-37.0417,4,2,702
TIC 129811221,129811221,105,105,8.2,54.2934,-38.4241,4,3,703
TIC 88363281,88363281,105,105,8.26,44.4187,-27.6681,4,4,704
TIC 91397147,91397147,105,105,8.14,313.2878,-47.7766,1,1,705
TIC 91430444,91430444,105,105,8.25,313.3317,-45.318,1,2,706
TIC 300736769,300736769,105,105,8.17,299.9978,-40.8058,1,3,707
TIC 128728519,128728519,105,105,8.17,300.0295,-45.4871,1,4,708
TIC 235037404,235037404,105,105,8.22,353.8295,-63.1717,2,1,709
TIC 144277475,144277475,105,105,8.26,353.856,-47.7242,2,2,710
TIC 197734527,197734527,105,105,8.29,330.5233,-40.1543,2,3,711
TIC 197765015,197765015,105,105,8.19,326.9878,-58.0392,2,4,712
TIC 118114124,118114124,105,105,8.26,10.2276,-40.5314,3,1,713
TIC 156077913,156077913,105,105,8.23,10.8992,-50.9766,3,2,714
TIC 229147081,229147081,105,105,8.29,27.2835,-53.0114,3,3,715
TIC 181165358,181165358,105,105,8.28,16.7866,-38.723,3,4,716
TIC 65398159,65398159,105,105,8.23,40.486,-28.5467,4,1,717
TIC 129782747,129782747,105,105,8.22,53.8028,-39.9455,4,2,718
TIC 140072441,140072441,105,105,8.2,57.2638,-39.0709,4,3,719
TIC 257525895,257525895,105,105,8.26,46.0552,-23.1437,4,4,720
TIC 201746005,201746005,105,105,8.14,303.4559,-55.1699,1,1,721
TIC 126946283,126946283,105,105,8.25,318.7468,-44.2195,1,2,722
TIC 354892631,354892631,105,105,8.17,300.7419,-39.1951,1,3,723
TIC 128797775,128797775,105,105,8.17,300.3776,-42.4846,1,4,724
TIC 220508128,220508128,105,105,8.25,347.0253,-57.1251,2,1,725
TIC 184240674,184240674,105,105,8.26,359.2784,-41.4389,2,2,726
TIC 197759518,197759518,105,105,8.29,331.521,-40.2427,2,3,727
TIC 219325050,219325050,105,105,8.19,331.4016,-54.9537,2,4,728
TIC 160147850,160147850,105,105,8.26,1.0264,-44.0504,3,1,729
TIC 281850414,281850414,105,105,8.25,14.496,-55.2442,3,2,730
TIC 229150662,229150662,105,105,8.29,27.8237,-49.9741,3,3,731
TIC 41860240,41860240,105,105,8.29,20.5584,-40.4739,3,4,732
TIC 129764433,129764433,105,105,8.23,35.4793,-37.9167,4,1,733
TIC 308267142,308267142,105,105,8.23,52.0587,-39.6987,4,2,734
TIC 166699944,166699944,105,105,8.2,55.5278,-30.2579,4,3,735
TIC 92363134,92363134,105,105,8.27,52.674,-22.6206,4,4,736
TIC 370205071,370205071,105,105,8.14,314.0266,-56.703,1,1,737
TIC 159844964,159844964,105,105,8.25,320.4501,-36.4172,1,2,738
TIC 152625558,152625558,105,105,8.18,304.295,-35.3932,1,3,739
TIC 304984560,304984560,105,105,8.17,288.3608,-49.1583,1,4,740
TIC 201249058,201249058,105,105,8.26,0.5207,-56.515,2,1,741
TIC 161378663,161378663,105,105,8.27,344.6063,-50.799,2,2,742
TIC 117509447,117509447,105,105,8.3,339.1548,-46.4597,2,3,743
TIC 403135431,403135431,105,105,8.19,333.721,-58.6699,2,4,744
TIC 183582165,183582165,105,105,8.26,11.9455,-39.1563,3,1,745
TIC 234510319,234510319,105,105,8.26,12.8617,-60.4424,3,2,746
TIC 231063412,231063412,105,105,8.29,31.3757,-54.2551,3,3,747
TIC 41993482,41993482,105,105,8.29,23.4176,-39.9121,3,4,748
TIC 72667052,72667052,105,105,8.24,33.0804,-26.6402,4,1,749
TIC 160004227,160004227,105,105,8.24,50.8578,-39.1642,4,2,750
TIC 168788561,168788561,105,105,8.2,63.3905,-33.5054,4,3,751
TIC 64105756,64105756,105,105,8.29,39.5066,-22.1318,4,4,752
TIC 100566535,100566535,105,105,8.16,309.4935,-48.5459,1,1,753
TIC 320938965,320938965,105,105,8.25,324.6057,-39.3128,1,2,754
TIC 290276476,290276476,105,105,8.18,305.0516,-39.3832,1,3,755
TIC 61512415,61512415,105,105,8.18,288.0249,-45.2998,1,4,756
TIC 316936115,316936115,105,105,8.26,356.2587,-59.1753,2,1,757
TIC 206288957,206288957,105,105,8.27,353.4977,-48.5222,2,2,758
TIC 139467299,139467299,105,105,8.3,337.1567,-43.363,2,3,759
TIC 265529944,265529944,105,105,8.2,330.2246,-56.4712,2,4,760
TIC 120607450,120607450,105,105,8.27,4.6533,-40.1099,3,1,761
TIC 281461437,281461437,105,105,8.26,6.1576,-57.0367,3,2,762
TIC 231065613,231065613,105,105,8.29,31.7796,-55.1503,3,3,763
TIC 67650835,67650835,105,105,8.29,19.0286,-34.1488,3,4,764
TIC 122609480,122609480,105,105,8.24,40.5067,-34.8329,4,1,765
TIC 321055375,321055375,105,105,8.26,44.1422,-39.448,4,2,766
TIC 168786960,168786960,105,105,8.21,63.3088,-31.2835,4,3,767
TIC 88483134,88483134,105,105,8.29,47.4182,-26.2552,4,4,768
TIC 360877445,360877445,105,105,8.17,307.2945,-57.1776,1,1,769
TIC 389613626,389613626,105,105,8.25,312.2797,-45.7036,1,2,770
TIC 300284790,300284790,105,105,8.19,298.2095,-38.0847,1,3,771
TIC 158209675,158209675,105,105,8.18,287.2611,-48.6348,1,4,772
TIC 231711146,231711146,105,105,8.27,352.1073,-57.6303,2,1,773
TIC 425864422,425864422,105,105,8.27,352.1221,-44.5869,2,2,774
TIC 121421968,121421968,105,105,8.31,341.8088,-43.6062,2,3,775
TIC 403136832,403136832,105,105,8.2,333.8342,-53.9814,2,4,776
TIC 183586181,183586181,105,105,8.28,12.5322,-40.6199,3,1,777
TIC 206532868,206532868,105,105,8.27,17.1597,-59.5443,3,2,778
TIC 166767473,166767473,105,105,8.31,38.1319,-51.2876,3,3,779
TIC 262531697,262531697,105,105,8.31,20.6657,-43.4318,3,4,780
TIC 123322094,123322094,105,105,8.26,30.196,-34.4207,4,1,781
TIC 91643239,91643239,105,105,8.27,40.7635,-41.237,4,2,782
TIC 143042696,143042696,105,105,8.22,55.1538,-35.091,4,3,783
TIC 88523276,88523276,105,105,8.29,48.0218,-27.5781,4,4,784
TIC 422043310,422043310,105,105,8.17,301.6319,-54.0849,1,1,785
TIC 126745610,126745610,105,105,8.26,315.7837,-45.7528,1,2,786
TIC 48959495,48959495,105,105,8.2,302.7164,-34.769,1,3,787
TIC 143462428,143462428,105,105,8.19,294.8616,-43.8659,1,4,788
TIC 235009501,235009501,105,105,8.27,352.4417,-61.282,2,1,789
TIC 139368904,139368904,105,105,8.29,349.8457,-47.2295,2,2,790
TIC 143924219,143924219,105,105,8.32,332.7033,-48.8907,2,3,791
TIC 231694736,231694736,105,105,8.21,323.3715,-58.2054,2,4,792
TIC 165886378,165886378,105,105,8.29,1.8655,-44.644,3,1,793
TIC 229114957,229114957,105,105,8.28,17.9704,-50.5899,3,2,794
TIC 229145358,229145358,105,105,8.32,26.8152,-49.4283,3,3,795
TIC 115275931,115275931,105,105,8.32,26.0479,-41.3496,3,4,796
TIC 146269096,146269096,105,105,8.26,35.5638,-31.0464,4,1,797
TIC 165165033,165165033,105,105,8.27,47.2361,-39.6156,4,2,798
TIC 166774841,166774841,105,105,8.22,57.2654,-33.0847,4,3,799
TIC 91556441,91556441,105,105,8.29,44.1761,-30.8602,4,4,800
TIC 231626584,231626584,105,105,8.18,316.9931,-54.7404,1,1,801
TIC 159858551,159858551,105,105,8.26,325.5843,-41.2097,1,2,802
TIC 441333062,441333062,105,105,8.2,309.34,-34.7358,1,3,803
TIC 404159325,404159325,105,105,8.2,296.4415,-52.6159,1,4,804
TIC 266994864,266994864,105,105,8.27,349.6734,-55.1673,2,1,805
TIC 469935712,469935712,105,105,8.29,355.6172,-50.6995,2,2,806
TIC 144457947,144457947,105,105,8.33,336.139,-46.9274,2,3,807
TIC 139898940,139898940,105,105,8.22,326.8093,-51.1997,2,4,808
TIC 115445124,115445124,105,105,8.3,6.6171,-39.5826,3,1,809
TIC 230980897,230980897,105,105,8.29,24.2921,-56.2707,3,2,810
TIC 166852967,166852967,105,105,8.33,40.4464,-49.5749,3,3,811
TIC 180146098,180146098,105,105,8.35,14.2987,-36.4354,3,4,812
TIC 129767096,129767096,105,105,8.27,35.8932,-37.1105,4,1,813
TIC 142218258,142218258,105,105,8.28,39.1573,-43.2823,4,2,814
TIC 142866312,142866312,105,105,8.24,50.5903,-32.9947,4,3,815
TIC 71372819,71372819,105,105,8.3,45.5545,-21.751,4,4,816
TIC 219306160,219306160,105,105,8.19,316.7426,-59.5356,1,1,817
TIC 139089310,139089310,105,105,8.27,319.466,-42.0467,1,2,818
TIC 389310689,389310689,105,105,8.21,310.7094,-40.861,1,3,819
TIC 101400947,101400947,105,105,8.21,300.5995,-51.4457,1,4,820
TIC 319246375,319246375,105,105,8.27,353.5769,-59.0806,2,1,821
TIC 139207284,139207284,105,105,8.3,346.1135,-42.0744,2,2,822
TIC 71317544,71317544,105,105,8.34,330.9242,-47.1374,2,3,823
TIC 232058719,232058719,105,105,8.22,338.6749,-61.125,2,4,824
TIC 120506364,120506364,105,105,8.3,2.3847,-40.6494,3,1,825
TIC 382532335,382532335,105,105,8.29,15.7942,-50.6838,3,2,826
TIC 219984873,219984873,105,105,8.33,29.8137,-51.3267,3,3,827
TIC 115245749,115245749,105,105,8.36,19.3228,-37.3483,3,4,828
TIC 100918210,100918210,105,105,8.29,32.5175,-38.2229,4,1,829
TIC 146686867,146686867,105,105,8.28,42.9373,-43.9359,4,2,830
TIC 166700282,166700282,105,105,8.24,55.583,-32.109,4,3,831
TIC 71445968,71445968,105,105,8.3,47.5761,-21.694,4,4,832
TIC 91099636,91099636,105,105,8.21,309.7683,-47.5283,1,1,833
TIC 197575748,197575748,105,105,8.28,326.4587,-41.23,1,2,834
TIC 439453212,439453212,105,105,8.22,301.5935,-35.6017,1,3,835
TIC 101453390,101453390,105,105,8.21,301.1987,-49.7551,1,4,836
TIC 234997844,234997844,105,105,8.28,350.9169,-61.0173,2,1,837
TIC 139250626,139250626,105,105,8.3,347.1456,-43.0147,2,2,838
TIC 121421450,121421450,105,105,8.34,341.7113,-46.0775,2,3,839
TIC 394017228,394017228,105,105,8.22,329.9204,-55.7246,2,4,840
TIC 118327447,118327447,105,105,8.31,10.5297,-39.2567,3,1,841
TIC 155984704,155984704,105,105,8.3,7.2097,-53.0594,3,2,842
TIC 100103909,100103909,105,105,8.34,24.8512,-47.0811,3,3,843
TIC 199730239,199730239,105,105,8.36,21.1366,-42.4258,3,4,844
TIC 122522501,122522501,105,105,8.29,38.5971,-30.6984,4,1,845
TIC 129815484,129815484,105,105,8.31,54.9839,-41.5314,4,2,846
TIC 89255336,89255336,105,105,8.25,58.6462,-28.9973,4,3,847
TIC 144537920,144537920,105,105,8.3,51.0479,-27.1382,4,4,848
TIC 387313600,387313600,105,105,8.21,312.6801,-56.2431,1,1,849
TIC 389378986,389378986,105,105,8.28,311.8406,-41.5348,1,2,850
TIC 269530556,269530556,105,105,8.24,301.7531,-36.7028,1,3,851
TIC 219924521,219924521,105,105,8.21,298.4013,-53.9286,1,4,852
TIC 355636696,355636696,105,105,8.28,358.1157,-56.6427,2,1,853
TIC 144309153,144309153,105,105,8.3,354.9031,-46.3262,2,2,854
TIC 161303459,161303459,105,105,8.34,342.7798,-50.3926,2,3,855
TIC 409699728,409699728,105,105,8.22,332.8275,-56.4172,2,4,856
TIC 7152332,7152332,105,105,8.32,5.581,-44.6492,3,1,857
TIC 158621007,158621007,105,105,8.3,22.4218,-51.7877,3,2,858
TIC 166810657,166810657,105,105,8.34,39.5963,-52.3465,3,3,859
TIC 41863376,41863376,105,105,8.37,21.0837,-38.9173,3,4,860
TIC 146246612,146246612,105,105,8.31,34.4273,-33.3824,4,1,861
TIC 160008457,160008457,105,105,8.32,51.1461,-41.2022,4,2,862
TIC 129839574,129839574,105,105,8.25,55.459,-36.9242,4,3,863
TIC 88523868,88523868,105,105,8.31,48.0078,-24.0601,4,4,864
TIC 220378886,220378886,105,105,8.22,320.7536,-55.4428,1,1,865
TIC 114950700,114950700,105,105,8.3,315.2107,-36.5363,1,2,866
TIC 355058575,355058575,105,105,8.24,303.8737,-40.0322,1,3,867
TIC 369954725,369954725,105,105,8.21,295.4245,-47.8266,1,4,868
TIC 394124583,394124583,105,105,8.28,348.3427,-60.4459,2,1,869
TIC 161403090,161403090,105,105,8.3,345.5902,-49.8644,2,2,870
TIC 152911953,152911953,105,105,8.36,337.722,-41.675,2,3,871
TIC 144000467,144000467,105,105,8.23,336.264,-53.8114,2,4,872
TIC 160148053,160148053,105,105,8.32,0.986,-45.2887,3,1,873
TIC 158537249,158537249,105,105,8.33,20.2135,-52.4744,3,2,874
TIC 158636435,158636435,105,105,8.35,24.3387,-51.4407,3,3,875
TIC 41976669,41976669,105,105,8.37,23.1946,-41.2555,3,4,876
TIC 340795327,340795327,105,105,8.31,36.768,-36.1703,4,1,877
TIC 165144579,165144579,105,105,8.32,46.3852,-37.6309,4,2,878
TIC 144602115,144602115,105,105,8.26,53.4676,-29.2247,4,3,879
TIC 137883862,137883862,105,105,8.32,48.377,-23.0269,4,4,880
TIC 79180181,79180181,105,105,8.23,317.3666,-48.4416,1,1,881
TIC 389450214,389450214,105,105,8.3,312.3984,-40.8898,1,2,882
TIC 129580353,129580353,105,105,8.25,305.6808,-42.9558,1,3,883
TIC 129081714,129081714,105,105,8.22,302.1809,-46.3051,1,4,884
TIC 237310691,237310691,105,105,8.3,343.4243,-60.9948,2,1,885
TIC 144460942,144460942,105,105,8.31,0.0087,-45.762,2,2,886
TIC 278567091,278567091,105,105,8.36,333.4052,-41.1371,2,3,887
TIC 403190647,403190647,105,105,8.23,337.073,-56.5119,2,4,888
TIC 117643381,117643381,105,105,8.33,9.4899,-40.8896,3,1,889
TIC 200691273,200691273,105,105,8.35,3.7384,-52.1669,3,2,890
TIC 7263621,7263621,105,105,8.37,33.8878,-43.6753,3,3,891
TIC 41977658,41977658,105,105,8.38,23.2968,-36.4098,3,4,892
TIC 120896927,120896927,105,105,8.32,36.8676,-27.6368,4,1,893
TIC 159967884,159967884,105,105,8.33,50.0563,-41.7114,4,2,894
TIC 166932002,166932002,105,105,8.26,60.2197,-33.056,4,3,895
TIC 88405947,88405947,105,105,8.33,45.2877,-26.8755,4,4,896
TIC 79325855,79325855,105,105,8.23,319.2611,-52.1073,1,1,897
TIC 147267222,147267222,105,105,8.31,324.2917,-43.9834,1,2,898
TIC 300399890,300399890,105,105,8.25,298.5364,-35.9864,1,3,899
TIC 441261072,441261072,105,105,8.22,295.2386,-41.3888,1,4,900
TIC 316915351,316915351,105,105,8.3,356.0228,-54.2071,2,1,901
TIC 224279320,224279320,105,105,8.31,355.569,-40.3204,2,2,902
TIC 71335277,71335277,105,105,8.38,331.1899,-45.4912,2,3,903
TIC 229806012,229806012,105,105,8.24,329.6374,-53.9874,2,4,904
TIC 229091021,229091021,105,105,8.33,3.8176,-42.1651,3,1,905
TIC 231009764,231009764,105,105,8.35,25.7543,-54.8567,3,2,906
TIC 201799652,201799652,105,105,8.38,36.0651,-54.0576,3,3,907
TIC 42056880,42056880,105,105,8.38,24.587,-37.1255,3,4,908
TIC 122608780,122608780,105,105,8.35,40.3934,-33.1032,4,1,909
TIC 142178943,142178943,105,105,8.34,37.6034,-42.251,4,2,910
TIC 407585696,407585696,105,105,8.26,49.8643,-31.5609,4,3,911
TIC 326262309,326262309,105,105,8.36,43.4494,-20.5332,4,4,912
TIC 100826322,100826322,105,105,8.23,312.0336,-52.5613,1,1,913
TIC 126818017,126818017,105,105,8.33,317.0947,-44.8471,1,2,914
TIC 326061803,326061803,105,105,8.25,303.5917,-29.2274,1,3,915
TIC 79753826,79753826,105,105,8.23,296.2694,-42.9164,1,4,916
TIC 231911238,231911238,105,105,8.31,7.0268,-61.0272,2,1,917
TIC 224275217,224275217,105,105,8.32,355.1178,-41.7475,2,2,918
TIC 147333786,147333786,105,105,8.38,325.7449,-47.3862,2,3,919
TIC 232060678,232060678,105,105,8.25,339.4627,-60.0947,2,4,920
TIC 101991235,101991235,105,105,8.35,15.4324,-42.1217,3,1,921
TIC 155951125,155951125,105,105,8.36,6.378,-50.5186,3,2,922
TIC 231287949,231287949,105,105,8.4,43.8139,-49.6595,3,3,923
TIC 100015126,100015126,105,105,8.39,23.2137,-44.0281,3,4,924
TIC 70556711,70556711,105,105,8.36,37.6192,-26.7509,4,1,925
TIC 152966636,152966636,105,105,8.34,47.0322,-45.1277,4,2,926
TIC 176799235,176799235,105,105,8.28,48.6916,-33.861,4,3,927
TIC 97518764,97518764,105,105,8.37,44.4019,-19.3084,4,4,928
TIC 219974785,219974785,105,105,8.23,306.4124,-56.7355,1,1,929
TIC 126639048,126639048,105,105,8.35,314.8756,-43.9529,1,2,930
TIC 152744780,152744780,105,105,8.27,304.8995,-33.8171,1,3,931
TIC 101582880,101582880,105,105,8.24,302.0918,-49.1077,1,4,932
TIC 235003683,235003683,105,105,8.34,351.6492,-60.2859,2,1,933
TIC 144378364,144378364,105,105,8.33,356.7487,-43.4502,2,2,934
TIC 382383386,382383386,105,105,8.38,335.2357,-42.7492,2,3,935
TIC 139772257,139772257,105,105,8.26,324.398,-51.5864,2,4,936
TIC 155941622,155941622,105,105,8.35,5.7094,-49.1848,3,1,937
TIC 158595208,158595208,105,105,8.36,22.0374,-52.639,3,2,938
TIC 160196097,160196097,105,105,8.42,27.4365,-44.8031,3,3,939
TIC 115272310,115272310,105,105,8.39,25.5124,-41.1181,3,4,940
TIC 70513478,70513478,105,105,8.37,32.5169,-29.9965,4,1,941
TIC 175532926,175532926,105,105,8.34,45.9992,-40.1064,4,2,942
TIC 89096495,89096495,105,105,8.29,54.8917,-27.364,4,3,943
TIC 65517357,65517357,105,105,8.38,43.3099,-29.8326,4,4,944
TIC 101543745,101543745,105,105,8.26,301.931,-53.1088,1,1,945
TIC 91449342,91449342,105,105,8.36,313.7017,-43.111,1,2,946
TIC 291015425,291015425,105,105,8.28,309.5339,-40.8925,1,3,947
TIC 143398024,143398024,105,105,8.24,294.31,-46.1606,1,4,948
TIC 237316813,237316813,105,105,8.34,344.2311,-61.6738,2,1,949
TIC 206361691,206361691,105,105,8.34,356.6281,-48.9579,2,2,950
TIC 152937439,152937439,105,105,8.39,338.7152,-40.3825,2,3,951
TIC 219123085,219123085,105,105,8.26,342.0333,-58.2692,2,4,952
TIC 102031398,102031398,105,105,8.36,16.0295,-43.3005,3,1,953
TIC 158535216,158535216,105,105,8.37,19.774,-53.8506,3,2,954
TIC 231023810,231023810,105,105,8.42,28.154,-55.3105,3,3,955
TIC 115319748,115319748,105,105,8.4,27.1126,-36.8525,3,4,956
TIC 122609268,122609268,105,105,8.37,40.4416,-35.6025,4,1,957
TIC 209453255,209453255,105,105,8.34,46.0614,-34.4082,4,2,958
TIC 176780257,176780257,105,105,8.3,48.2843,-34.3753,4,3,959
TIC 92361302,92361302,105,105,8.38,52.5593,-23.7452,4,4,960
TIC 220344205,220344205,105,105,8.26,307.3494,-56.4969,1,1,961
TIC 147112674,147112674,105,105,8.37,321.5467,-42.7989,1,2,962
TIC 441407954,441407954,105,105,8.28,310.712,-35.4189,1,3,963
TIC 80059947,80059947,105,105,8.25,297.9154,-43.4563,1,4,964
TIC 237319917,237319917,105,105,8.35,344.8866,-61.9866,2,1,965
TIC 175489453,175489453,105,105,8.35,351.6849,-40.4505,2,2,966
TIC 231263835,231263835,105,105,8.39,334.1031,-49.395,2,3,967
TIC 231239894,231239894,105,105,8.26,330.6558,-52.3333,2,4,968
TIC 183564529,183564529,105,105,8.36,11.6795,-40.2691,3,1,969
TIC 158549349,158549349,105,105,8.37,20.4546,-49.37,3,2,970
TIC 354655660,354655660,105,105,8.42,33.8578,-52.2679,3,3,971
TIC 180999530,180999530,105,105,8.41,16.2614,-37.8378,3,4,972
TIC 123334512,123334512,105,105,8.37,30.4313,-35.2134,4,1,973
TIC 152358667,152358667,105,105,8.35,44.7962,-36.8673,4,2,974
TIC 89149898,89149898,105,105,8.31,55.796,-28.1396,4,3,975
TIC 423781267,423781267,105,105,8.39,51.8095,-26.9094,4,4,976
TIC 231668062,231668062,105,105,8.26,319.717,-56.0624,1,1,977
TIC 382263711,382263711,105,105,8.37,323.8074,-39.7126,1,2,978
TIC 370011562,370011562,105,105,8.3,307.3629,-42.9398,1,3,979
TIC 80089548,80089548,105,105,8.26,298.0865,-42.6229,1,4,980
TIC 161403719,161403719,105,105,8.36,345.5264,-52.3038,2,1,981
TIC 144276893,144276893,105,105,8.38,353.8963,-44.5297,2,2,982
TIC 152876779,152876779,105,105,8.4,337.3264,-40.2704,2,3,983
TIC 355547387,355547387,105,105,8.26,320.9919,-58.4237,2,4,984
TIC 80261781,80261781,105,105,8.38,7.4957,-46.6817,3,1,985
TIC 155995065,155995065,105,105,8.39,7.7716,-51.2291,3,2,986
TIC 165918231,165918231,105,105,8.43,31.3109,-42.7141,3,3,987
TIC 32292960,32292960,105,105,8.42,24.6362,-32.2498,3,4,988
TIC 123336783,123336783,105,105,8.38,30.7157,-32.4859,4,1,989
TIC 152359244,152359244,105,105,8.35,44.7005,-39.8932,4,2,990
TIC 166764364,166764364,105,105,8.31,57.1363,-31.7807,4,3,991
TIC 279328531,279328531,105,105,8.4,43.5915,-28.8506,4,4,992
TIC 469850267,469850267,105,105,8.26,316.8161,-49.157,1,1,993
TIC 382321955,382321955,105,105,8.37,320.2605,-46.853,1,2,994
TIC 152167411,152167411,105,105,8.31,307.5722,-35.355,1,3,995
TIC 158343153,158343153,105,105,8.26,288.7583,-49.9899,1,4,996
TIC 200668903,200668903,105,105,8.36,3.1332,-52.3339,2,1,997
TIC 144403776,144403776,105,105,8.38,357.9265,-43.1136,2,2,998
TIC 382372903,382372903,105,105,8.4,329.8703,-45.2166,2,3,999
TIC 403137725,403137725,105,105,8.27,333.8768,-56.8676,2,4,1000
